;GO:0039003;GO:0051491;GO:0002087;GO:0022010;GO:0045892;GO:0048488;GO:0007409;GO:0072189;GO:0072221;GO:2000594;GO:0050679;GO:0035435;GO:0072108;GO:2000597;GO:0071805;GO:1904861;GO:0051260;GO:0060999;GO:1900029;GO:2000809;GO:0006605;GO:0090190;GO:0003337;GO:0071364;GO:0071526;GO:0008203;GO:1901642;GO:0045944;GO:0042953;GO:0043491;GO:0071277;GO:0097104;GO:0023041;GO:0097105;GO:0015889;GO:2000378;GO:0050908;GO:0002072;GO:0048789;GO:1901379;GO:0097113;GO:0097115;GO:0048675;GO:0097114;GO:0071300;GO:0001658;GO:0097119;GO:0015812;GO:0010001;GO:2000302;GO:1902474;GO:1902358;GO:0006366;GO:0009235;GO:0051290;GO:1900215;GO:1900218;GO:0046415;GO:0048714;GO:0071333;GO:0072300;GO:0043154;GO:2000311;GO:0072305;GO:2000310;GO:0060291;GO:0051968;GO:0015747;GO:0015746;GO:0072307;GO:0061002;GO:0015760;GO:1904823;GO:0048843;GO:0006898;GO:0006139;GO:0006533;GO:0001755;GO:0098942;GO:0072531;GO:0072659;GO:0030335;GO:0032230;GO:1905520;GO:1902533;GO:0042359;GO:0099054;GO:0006855;GO:0072162;GO:0048863;GO:0072289;GO:0140058;GO:0070301;GO:0045918;GO:1900244;GO:0008652;GO:0015739;GO:0010841;GO:0035725;GO:2000463;GO:0015855
GO:0039003;1.0;0.0;0.2;0.0;0.0;0.0;0.0;0.0;0.0;0.0;0.0;0.0;0.0;0.0;0.0;0.0;0.0;0.0;0.0;0.0;0.0;0.0;0.0;0.0;0.0;0.0;0.0;0.0;0.0;0.0;0.0;0.0;0.0;0.0;0.0;0.0;0.0;0.0;0.0;0.0;0.0;0.0;0.0;0.0;0.0;0.0;0.0;0.0;0.0;0.0;0.0;0.0;0.0;0.0;0.0;0.0;0.0;0.0;0.0;0.0;0.0;0.0;0.0;0.0;0.0;0.0;0.0;0.0;0.0;0.0;0.0;0.0;0.0;0.0;0.0;0.0;0.0;0.0;0.0;0.0;0.0;0.0;0.0;0.0;0.0;0.0;0.0;0.0;0.0;0.0;0.0;0.0;0.0;0.0;0.0;0.0;0.0;0.0;0.0;0.0;0.0
GO:0051491;0.0;1.0;0.2;0.0;0.18181818181818182;0.0;0.0;0.0;0.0;0.3333333333333333;0.3333333333333333;0.0;0.3333333333333333;0.3333333333333333;0.0;0.0;0.0;0.5454545454545454;0.7142857142857143;0.375;0.0;0.3333333333333333;0.0;0.0;0.0;0.0;0.0;0.2727272727272727;0.0;0.0;0.0;0.0;0.0;0.0;0.0;0.2727272727272727;0.0;0.0;0.0;0.3333333333333333;0.0;0.0;0.0;0.0;0.0;0.0;0.0;0.0;0.0;0.3;0.42857142857142855;0.0;0.0;0.0;0.0;0.18181818181818182;0.18181818181818182;0.0;0.0;0.08333333333333333;0.0;0.23076923076923078;0.2;0.16666666666666666;0.2;0.3333333333333333;0.3333333333333333;0.0;0.0;0.18181818181818182;0.14285714285714285;0.0;0.0;0.14285714285714285;0.0;0.0;0.0;0.0;0.0;0.0;0.0;0.3333333333333333;0.3333333333333333;0.4444444444444444;0.3333333333333333;0.0;0.0;0.0;0.0;0.0;0.0;0.0;0.0;0.3;0.5;0.0;0.0;0.375;0.0;0.3333333333333333;0.0
GO:0002087;0.2;0.2;1.0;0.0;0.18181818181818182;0.0;0.0;0.0;0.0;0.3;0.2;0.0;0.3;0.3333333333333333;0.0;0.0;0.0;0.0;0.2;0.2222222222222222;0.0;0.3333333333333333;0.0;0.0;0.0;0.0;0.0;0.16666666666666666;0.0;0.0;0.0;0.0;0.0;0.0;0.0;0.2;0.0;0.0;0.0;0.25;0.0;0.0;0.0;0.0;0.0;0.2;0.0;0.0;0.0;0.18181818181818182;0.25;0.0;0.0;0.0;0.0;0.3;0.3;0.0;0.0;0.08333333333333333;0.0;0.16666666666666666;0.2;0.2727272727272727;0.2;0.2;0.2;0.0;0.0;0.3;0.0;0.0;0.0;0.0;0.0;0.0;0.0;0.0;0.0;0.0;0.0;0.2;0.2;0.0;0.2;0.0;0.0;0.0;0.0;0.0;0.0;0.0;0.0;0.2222222222222222;0.2;0.0;0.0;0.375;0.0;0.4444444444444444;0.0
GO:0022010;0.0;0.0;0.0;1.0;0.0;0.0;0.0;0.0;0.0;0.0;0.0;0.0;0.0;0.0;0.25;0.0;0.0;0.0;0.0;0.0;0.0;0.0;0.0;0.0;0.0;0.0;0.0;0.0;0.0;0.0;0.14285714285714285;0.0;0.0;0.0;0.0;0.0;0.0;0.0;0.14285714285714285;0.0;0.0;0.0;0.0;0.0;0.16666666666666666;0.0;0.0;0.0;0.0;0.0;0.0;0.0;0.0;0.2;0.0;0.0;0.0;0.2;0.0;0.1111111111111111;0.0;0.0;0.0;0.0;0.0;0.0;0.0;0.0;0.0;0.0;0.0;0.0;0.0;0.0;0.0;0.0;0.125;0.0;0.0;0.0;0.0;0.0;0.0;0.0;0.0;0.0;0.0;0.0;0.0;0.2;0.0;0.0;0.16666666666666666;0.0;0.0;0.0;0.0;0.0;0.0;0.0;0.0
GO:0045892;0.0;0.18181818181818182;0.18181818181818182;0.0;1.0;0.0;0.0;0.0;0.0;0.2727272727272727;0.2727272727272727;0.0;0.18181818181818182;0.18181818181818182;0.0;0.0;0.0;0.0;0.18181818181818182;0.2;0.0;0.18181818181818182;0.0;0.0;0.2727272727272727;0.0;0.0;0.6666666666666666;0.0;0.2727272727272727;0.0;0.0;0.3;0.0;0.0;0.5555555555555556;0.0;0.0;0.0;0.3333333333333333;0.0;0.0;0.0;0.0;0.0;0.0;0.0;0.0;0.0;0.25;0.2222222222222222;0.0;0.0;0.0;0.0;0.2727272727272727;0.2727272727272727;0.0;0.0;0.07692307692307693;0.0;0.3333333333333333;0.25;0.25;0.25;0.25;0.25;0.0;0.0;0.23076923076923078;0.125;0.0;0.0;0.125;0.0;0.0;0.0;0.0;0.0;0.0;0.0;0.25;0.25;0.125;0.25;0.0;0.0;0.0;0.0;0.0;0.0;0.0;0.0;0.4444444444444444;0.25;0.0;0.0;0.2;0.0;0.25;0.0
GO:0048488;0.0;0.0;0.0;0.0;0.0;1.0;0.0;0.0;0.0;0.0;0.0;0.3333333333333333;0.0;0.0;0.3333333333333333;0.0;0.0;0.0;0.0;0.0;0.0;0.0;0.0;0.0;0.0;0.0;0.5;0.0;0.3333333333333333;0.0;0.0;0.0;0.0;0.0;0.0;0.0;0.0;0.0;0.0;0.0;0.0;0.0;0.0;0.0;0.0;0.0;0.0;0.5;0.0;0.0;0.0;0.42857142857142855;0.0;0.0;0.0;0.0;0.0;0.0;0.0;0.0;0.0;0.0;0.0;0.0;0.0;0.0;0.0;0.5;0.0;0.0;0.0;0.375;0.42857142857142855;0.0;0.7142857142857143;0.0;0.0;0.0;0.0;0.5;0.14285714285714285;0.0;0.0;0.0;0.0;0.0;0.0;0.0;0.0;0.0;0.0;0.0;0.0;0.0;0.0;0.0;0.42857142857142855;0.0;0.3333333333333333;0.0;0.42857142857142855
GO:0007409;0.0;0.0;0.0;0.0;0.0;0.0;1.0;0.0;0.0;0.0;0.0;0.0;0.0;0.0;0.25;0.0;0.0;0.0;0.0;0.0;0.0;0.0;0.0;0.0;0.0;0.0;0.0;0.0;0.0;0.0;0.14285714285714285;0.0;0.0;0.0;0.0;0.0;0.0;0.0;0.2857142857142857;0.0;0.0;0.0;0.0;0.0;0.16666666666666666;0.0;0.0;0.0;0.0;0.0;0.0;0.0;0.0;0.2;0.0;0.0;0.0;0.2;0.0;0.1111111111111111;0.0;0.0;0.0;0.0;0.0;0.0;0.0;0.0;0.0;0.0;0.0;0.0;0.0;0.0;0.0;0.0;0.125;0.0;0.0;0.0;0.0;0.0;0.0;0.0;0.0;0.0;0.0;0.0;0.0;0.4;0.0;0.0;0.16666666666666666;0.0;0.0;0.0;0.0;0.0;0.0;0.0;0.0
GO:0072189;0.0;0.0;0.0;0.0;0.0;0.0;0.0;1.0;0.0;0.0;0.0;0.0;0.0;0.0;0.0;0.0;0.0;0.0;0.0;0.0;0.0;0.0;0.0;0.0;0.0;0.0;0.0;0.0;0.0;0.0;0.0;0.0;0.0;0.0;0.0;0.0;0.0;0.0;0.0;0.0;0.0;0.0;0.0;0.0;0.0;0.0;0.0;0.0;0.0;0.0;0.0;0.0;0.0;0.0;0.0;0.0;0.0;0.0;0.0;0.0;0.0;0.0;0.0;0.0;0.0;0.0;0.0;0.0;0.0;0.0;0.0;0.0;0.0;0.0;0.0;0.0;0.0;0.0;0.0;0.0;0.0;0.0;0.0;0.0;0.0;0.0;0.0;0.0;0.0;0.2;0.0;0.0;0.0;0.0;0.0;0.0;0.0;0.0;0.0;0.0;0.0
GO:0072221;0.0;0.0;0.0;0.0;0.0;0.0;0.0;0.0;1.0;0.0;0.0;0.0;0.0;0.0;0.0;0.0;0.0;0.0;0.0;0.0;0.0;0.0;0.0;0.0;0.0;0.0;0.0;0.0;0.0;0.0;0.0;0.0;0.0;0.0;0.0;0.0;0.0;0.0;0.0;0.0;0.0;0.0;0.0;0.0;0.0;0.0;0.0;0.0;0.0;0.0;0.0;0.0;0.0;0.0;0.0;0.0;0.0;0.0;0.0;0.0;0.0;0.0;0.0;0.0;0.0;0.0;0.0;0.0;0.0;0.0;0.0;0.0;0.0;0.0;0.0;0.0;0.0;0.0;0.0;0.0;0.0;0.0;0.0;0.0;0.0;0.0;0.0;0.0;0.0;0.2;0.0;0.0;0.0;0.0;0.0;0.0;0.0;0.0;0.0;0.0;0.0
GO:2000594;0.0;0.3333333333333333;0.3;0.0;0.2727272727272727;0.0;0.0;0.0;0.0;1.0;0.5;0.0;0.75;0.5;0.0;0.0;0.0;0.0;0.3333333333333333;0.375;0.0;0.5555555555555556;0.0;0.0;0.3333333333333333;0.0;0.0;0.2727272727272727;0.0;0.3333333333333333;0.0;0.0;0.375;0.0;0.0;0.3333333333333333;0.0;0.0;0.0;0.42857142857142855;0.0;0.0;0.0;0.0;0.0;0.0;0.0;0.0;0.0;0.4444444444444444;0.42857142857142855;0.0;0.0;0.0;0.0;0.6;0.6;0.0;0.45454545454545453;0.08333333333333333;0.75;0.2727272727272727;0.3;0.5454545454545454;0.3;0.4444444444444444;0.4444444444444444;0.0;0.0;0.6666666666666666;0.14285714285714285;0.0;0.0;0.14285714285714285;0.0;0.0;0.0;0.0;0.0;0.0;0.0;0.4444444444444444;0.4444444444444444;0.14285714285714285;0.4444444444444444;0.0;0.0;0.0;0.0;0.0;0.0;0.0;0.0;0.375;0.4444444444444444;0.0;0.0;0.5;0.0;0.4444444444444444;0.0
GO:0050679;0.0;0.3333333333333333;0.2;0.0;0.2727272727272727;0.0;0.0;0.0;0.0;0.5;1.0;0.0;0.4;0.3333333333333333;0.0;0.0;0.0;0.0;0.4;0.375;0.0;0.3333333333333333;0.0;0.0;0.3333333333333333;0.0;0.0;0.3333333333333333;0.0;0.3333333333333333;0.0;0.0;0.375;0.0;0.0;0.3333333333333333;0.0;0.0;0.0;0.42857142857142855;0.0;0.0;0.0;0.0;0.0;0.0;0.0;0.0;0.0;0.4444444444444444;0.42857142857142855;0.0;0.0;0.0;0.0;0.25;0.25;0.0;0.0;0.08333333333333333;0.0;0.2727272727272727;0.3;0.23076923076923078;0.3;0.4444444444444444;0.4444444444444444;0.0;0.0;0.2727272727272727;0.14285714285714285;0.0;0.0;0.14285714285714285;0.0;0.0;0.0;0.0;0.0;0.0;0.0;0.4444444444444444;0.4444444444444444;0.14285714285714285;0.4444444444444444;0.0;0.0;0.0;0.0;0.0;0.0;0.0;0.0;0.375;0.4444444444444444;0.0;0.0;0.375;0.0;0.4444444444444444;0.0
GO:0035435;0.0;0.0;0.0;0.0;0.0;0.3333333333333333;0.0;0.0;0.0;0.0;0.0;1.0;0.0;0.0;0.6;0.0;0.0;0.0;0.0;0.0;0.2727272727272727;0.0;0.0;0.0;0.0;0.0;0.4444444444444444;0.0;0.25;0.0;0.0;0.0;0.0;0.0;0.3;0.0;0.0;0.0;0.0;0.0;0.0;0.0;0.0;0.0;0.0;0.0;0.0;0.4166666666666667;0.0;0.0;0.0;0.7777777777777778;0.0;0.0;0.0;0.0;0.0;0.0;0.0;0.0;0.0;0.0;0.0;0.0;0.0;0.0;0.0;0.5;0.4166666666666667;0.0;0.0;0.25;0.4;0.0;0.2727272727272727;0.0;0.0;0.0;0.0;0.4444444444444444;0.07692307692307693;0.0;0.0;0.0;0.0;0.0;0.0;0.4444444444444444;0.0;0.0;0.0;0.0;0.0;0.0;0.0;0.0;0.45454545454545453;0.0;0.6;0.0;0.2727272727272727
GO:0072108;0.0;0.3333333333333333;0.3;0.0;0.18181818181818182;0.0;0.0;0.0;0.0;0.75;0.4;0.0;1.0;0.5;0.0;0.0;0.0;0.0;0.3333333333333333;0.375;0.0;0.7142857142857143;0.0;0.0;0.0;0.0;0.0;0.2727272727272727;0.0;0.0;0.0;0.0;0.3;0.0;0.0;0.2727272727272727;0.0;0.0;0.0;0.3333333333333333;0.0;0.0;0.0;0.0;0.0;0.0;0.0;0.0;0.0;0.3;0.42857142857142855;0.0;0.0;0.0;0.0;0.6;0.6;0.0;0.36363636363636365;0.08333333333333333;0.75;0.23076923076923078;0.2;0.5454545454545454;0.2;0.3333333333333333;0.3333333333333333;0.0;0.0;0.6666666666666666;0.14285714285714285;0.0;0.0;0.14285714285714285;0.0;0.0;0.0;0.0;0.0;0.0;0.0;0.3333333333333333;0.3333333333333333;0.4;0.3333333333333333;0.0;0.0;0.0;0.0;0.0;0.0;0.0;0.0;0.3;0.3333333333333333;0.0;0.0;0.5;0.0;0.4444444444444444;0.0
GO:2000597;0.0;0.3333333333333333;0.3333333333333333;0.0;0.18181818181818182;0.0;0.0;0.0;0.0;0.5;0.3333333333333333;0.0;0.5;1.0;0.0;0.0;0.0;0.45454545454545453;0.3333333333333333;0.375;0.0;0.5;0.0;0.0;0.0;0.0;0.0;0.2727272727272727;0.0;0.0;0.0;0.0;0.0;0.0;0.0;0.2;0.0;0.0;0.0;0.25;0.0;0.0;0.0;0.0;0.0;0.0;0.0;0.0;0.0;0.3;0.42857142857142855;0.0;0.0;0.0;0.0;0.3;0.3;0.0;0.5;0.08333333333333333;0.4444444444444444;0.16666666666666666;0.2;0.4;0.2;0.3333333333333333;0.3333333333333333;0.0;0.0;0.4;0.14285714285714285;0.0;0.0;0.14285714285714285;0.0;0.0;0.0;0.0;0.0;0.0;0.0;0.3333333333333333;0.3333333333333333;0.5555555555555556;0.3333333333333333;0.0;0.0;0.0;0.0;0.0;0.0;0.0;0.0;0.2222222222222222;0.3333333333333333;0.0;0.0;0.5714285714285714;0.0;0.5;0.0
GO:0071805;0.0;0.0;0.0;0.25;0.0;0.3333333333333333;0.25;0.0;0.0;0.0;0.0;0.6;0.0;0.0;1.0;0.14285714285714285;0.125;0.0;0.0;0.0;0.2727272727272727;0.0;0.125;0.125;0.25;0.0;0.4444444444444444;0.0;0.25;0.25;0.125;0.25;0.25;0.25;0.3;0.0;0.0;0.0;0.125;0.0;0.0;0.0;0.25;0.0;0.14285714285714285;0.0;0.0;0.3;0.25;0.0;0.0;0.6;0.125;0.16666666666666666;0.1111111111111111;0.0;0.0;0.16666666666666666;0.0;0.1;0.0;0.0;0.0;0.0;0.0;0.0;0.0;0.3;0.2727272727272727;0.0;0.0;0.25;0.4;0.0;0.2727272727272727;0.16666666666666666;0.1111111111111111;0.25;0.1111111111111111;0.4444444444444444;0.07692307692307693;0.0;0.0;0.0;0.0;0.0;0.25;0.4444444444444444;0.125;0.16666666666666666;0.0;0.25;0.14285714285714285;0.0;0.0;0.125;0.2727272727272727;0.0;0.7777777777777778;0.0;0.2727272727272727
GO:1904861;0.0;0.0;0.0;0.0;0.0;0.0;0.0;0.0;0.0;0.0;0.0;0.0;0.0;0.0;0.14285714285714285;1.0;0.0;0.0;0.0;0.0;0.0;0.0;0.0;0.0;0.0;0.0;0.0;0.0;0.0;0.0;0.0;0.0;0.0;0.0;0.0;0.0;0.0;0.0;0.14285714285714285;0.0;0.0;0.0;0.0;0.0;0.0;0.0;0.0;0.0;0.0;0.0;0.0;0.0;0.0;0.0;0.0;0.0;0.0;0.0;0.0;0.0;0.0;0.0;0.0;0.0;0.0;0.0;0.0;0.0;0.0;0.0;0.0;0.0;0.0;0.0;0.0;0.0;0.0;0.0;0.0;0.0;0.0;0.0;0.0;0.0;0.0;0.0;0.0;0.0;0.0;0.0;0.0;0.0;0.0;0.0;0.0;0.0;0.0;0.0;0.0;0.0;0.0
GO:0051260;0.0;0.0;0.0;0.0;0.0;0.0;0.0;0.0;0.0;0.0;0.0;0.0;0.0;0.0;0.125;0.0;1.0;0.0;0.0;0.0;0.0;0.0;0.0;0.0;0.0;0.0;0.0;0.0;0.0;0.0;0.0;0.0;0.0;0.0;0.0;0.0;0.0;0.0;0.14285714285714285;0.0;0.0;0.0;0.0;0.0;0.0;0.0;0.0;0.0;0.0;0.0;0.0;0.0;0.0;0.0;0.0;0.0;0.0;0.0;0.0;0.0;0.0;0.0;0.0;0.0;0.0;0.0;0.0;0.0;0.0;0.0;0.0;0.0;0.0;0.0;0.0;0.0;0.0;0.0;0.0;0.0;0.0;0.0;0.0;0.0;0.0;0.0;0.0;0.0;0.0;0.0;0.0;0.0;0.0;0.0;0.0;0.0;0.0;0.0;0.0;0.0;0.0
GO:0060999;0.0;0.5454545454545454;0.0;0.0;0.0;0.0;0.0;0.0;0.0;0.0;0.0;0.0;0.0;0.45454545454545453;0.0;0.0;0.0;1.0;0.5454545454545454;0.0;0.0;0.0;0.0;0.0;0.0;0.0;0.0;0.0;0.0;0.0;0.0;0.0;0.0;0.0;0.0;0.0;0.0;0.0;0.0;0.0;0.0;0.0;0.0;0.0;0.0;0.0;0.0;0.0;0.0;0.3333333333333333;0.0;0.0;0.0;0.0;0.0;0.0;0.0;0.0;0.0;0.0;0.0;0.0;0.0;0.0;0.0;0.0;0.0;0.0;0.0;0.0;0.0;0.0;0.0;0.0;0.0;0.0;0.0;0.0;0.0;0.0;0.0;0.0;0.0;0.0;0.0;0.0;0.0;0.0;0.0;0.0;0.0;0.0;0.0;0.0;0.45454545454545453;0.0;0.0;0.0;0.0;0.0;0.0
GO:1900029;0.0;0.7142857142857143;0.2;0.0;0.18181818181818182;0.0;0.0;0.0;0.0;0.3333333333333333;0.4;0.0;0.3333333333333333;0.3333333333333333;0.0;0.0;0.0;0.5454545454545454;1.0;0.375;0.0;0.3333333333333333;0.0;0.0;0.0;0.0;0.0;0.2727272727272727;0.0;0.0;0.0;0.0;0.0;0.0;0.0;0.2727272727272727;0.0;0.0;0.0;0.3333333333333333;0.0;0.0;0.0;0.0;0.0;0.0;0.0;0.0;0.0;0.3;0.42857142857142855;0.0;0.0;0.0;0.0;0.18181818181818182;0.18181818181818182;0.0;0.0;0.08333333333333333;0.0;0.23076923076923078;0.2;0.16666666666666666;0.2;0.3333333333333333;0.3333333333333333;0.0;0.0;0.18181818181818182;0.14285714285714285;0.0;0.0;0.14285714285714285;0.0;0.0;0.0;0.0;0.0;0.0;0.0;0.3333333333333333;0.3333333333333333;0.4444444444444444;0.3333333333333333;0.0;0.0;0.0;0.0;0.0;0.0;0.0;0.0;0.3;0.5;0.0;0.0;0.375;0.0;0.3333333333333333;0.0
GO:2000809;0.0;0.375;0.2222222222222222;0.0;0.2;0.0;0.0;0.0;0.0;0.375;0.375;0.0;0.375;0.375;0.0;0.0;0.0;0.0;0.375;1.0;0.0;0.375;0.0;0.0;0.0;0.0;0.0;0.3;0.0;0.0;0.0;0.0;0.0;0.0;0.0;0.2222222222222222;0.0;0.0;0.0;0.2857142857142857;0.0;0.0;0.0;0.0;0.0;0.0;0.0;0.0;0.0;0.5;0.5;0.0;0.0;0.0;0.0;0.2;0.2;0.0;0.0;0.09090909090909091;0.0;0.18181818181818182;0.36363636363636365;0.18181818181818182;0.36363636363636365;0.375;0.375;0.0;0.0;0.2;0.16666666666666666;0.0;0.0;0.16666666666666666;0.0;0.0;0.0;0.0;0.0;0.0;0.0;0.375;0.375;0.16666666666666666;0.375;0.0;0.0;0.0;0.0;0.0;0.0;0.0;0.0;0.25;0.5714285714285714;0.0;0.0;0.42857142857142855;0.0;0.375;0.0
GO:0006605;0.0;0.0;0.0;0.0;0.0;0.0;0.0;0.0;0.0;0.0;0.0;0.2727272727272727;0.0;0.0;0.2727272727272727;0.0;0.0;0.0;0.0;0.0;1.0;0.0;0.0;0.0;0.0;0.0;0.375;0.0;0.5714285714285714;0.0;0.0;0.0;0.0;0.0;0.0;0.0;0.0;0.0;0.0;0.0;0.0;0.0;0.0;0.0;0.0;0.0;0.0;0.375;0.0;0.0;0.0;0.3333333333333333;0.0;0.0;0.0;0.0;0.0;0.0;0.0;0.0;0.0;0.0;0.0;0.0;0.0;0.0;0.0;0.375;0.0;0.0;0.0;0.3;0.3333333333333333;0.0;0.3333333333333333;0.0;0.0;0.0;0.0;0.375;0.42857142857142855;0.0;0.0;0.0;0.0;0.0;0.0;0.0;0.0;0.0;0.0;0.0;0.0;0.0;0.0;0.0;0.3333333333333333;0.0;0.2727272727272727;0.0;0.3333333333333333
GO:0090190;0.0;0.3333333333333333;0.3333333333333333;0.0;0.18181818181818182;0.0;0.0;0.0;0.0;0.5555555555555556;0.3333333333333333;0.0;0.7142857142857143;0.5;0.0;0.0;0.0;0.0;0.3333333333333333;0.375;0.0;1.0;0.0;0.0;0.0;0.0;0.0;0.2727272727272727;0.0;0.0;0.0;0.0;0.0;0.0;0.0;0.2;0.0;0.0;0.0;0.25;0.0;0.0;0.0;0.0;0.0;0.0;0.0;0.0;0.0;0.3;0.42857142857142855;0.0;0.0;0.0;0.0;0.45454545454545453;0.45454545454545453;0.0;0.0;0.08333333333333333;0.5555555555555556;0.16666666666666666;0.2;0.5;0.2;0.3333333333333333;0.3333333333333333;0.0;0.0;0.5;0.14285714285714285;0.0;0.0;0.14285714285714285;0.0;0.0;0.0;0.0;0.0;0.0;0.0;0.3333333333333333;0.3333333333333333;0.14285714285714285;0.3333333333333333;0.0;0.0;0.0;0.0;0.0;0.0;0.0;0.0;0.2222222222222222;0.3333333333333333;0.0;0.0;0.5;0.0;0.4444444444444444;0.0
GO:0003337;0.0;0.0;0.0;0.0;0.0;0.0;0.0;0.0;0.0;0.0;0.0;0.0;0.0;0.0;0.125;0.0;0.0;0.0;0.0;0.0;0.0;0.0;1.0;0.0;0.0;0.0;0.0;0.0;0.0;0.0;0.0;0.0;0.0;0.0;0.0;0.0;0.0;0.0;0.0;0.0;0.0;0.0;0.0;0.0;0.0;0.0;0.0;0.0;0.0;0.0;0.0;0.0;0.0;0.0;0.0;0.0;0.0;0.0;0.0;0.0;0.0;0.0;0.0;0.0;0.0;0.0;0.0;0.0;0.0;0.0;0.0;0.0;0.0;0.0;0.0;0.0;0.0;0.0;0.0;0.0;0.0;0.0;0.0;0.0;0.0;0.0;0.0;0.0;0.0;0.42857142857142855;0.0;0.0;0.0;0.0;0.0;0.0;0.0;0.0;0.0;0.0;0.0
GO:0071364;0.0;0.0;0.0;0.0;0.0;0.0;0.0;0.0;0.0;0.0;0.0;0.0;0.0;0.0;0.125;0.0;0.0;0.0;0.0;0.0;0.0;0.0;0.0;1.0;0.0;0.0;0.0;0.0;0.0;0.0;0.3333333333333333;0.0;0.0;0.0;0.0;0.0;0.0;0.0;0.0;0.0;0.0;0.0;0.0;0.0;0.5;0.0;0.0;0.0;0.0;0.0;0.0;0.0;0.0;0.0;0.0;0.0;0.0;0.0;0.0;0.4;0.0;0.0;0.0;0.0;0.0;0.0;0.0;0.0;0.0;0.0;0.0;0.0;0.0;0.0;0.0;0.0;0.0;0.0;0.0;0.0;0.0;0.0;0.0;0.0;0.0;0.0;0.0;0.0;0.0;0.0;0.0;0.0;0.375;0.0;0.0;0.0;0.0;0.0;0.0;0.0;0.0
GO:0071526;0.0;0.0;0.0;0.0;0.2727272727272727;0.0;0.0;0.0;0.0;0.3333333333333333;0.3333333333333333;0.0;0.0;0.0;0.25;0.0;0.0;0.0;0.0;0.0;0.0;0.0;0.0;0.0;1.0;0.0;0.0;0.0;0.0;0.0;0.14285714285714285;0.0;0.0;0.0;0.0;0.3333333333333333;0.0;0.0;0.14285714285714285;0.42857142857142855;0.0;0.0;0.0;0.0;0.16666666666666666;0.0;0.0;0.0;0.0;0.3;0.0;0.0;0.0;0.2;0.0;0.0;0.0;0.2;0.0;0.1111111111111111;0.0;0.2727272727272727;0.0;0.0;0.0;0.0;0.0;0.0;0.0;0.0;0.0;0.0;0.0;0.0;0.0;0.0;0.125;0.0;0.0;0.0;0.0;0.0;0.0;0.0;0.0;0.0;0.0;0.0;0.0;0.2;0.0;0.0;0.16666666666666666;0.375;0.0;0.0;0.0;0.0;0.0;0.0;0.0
GO:0008203;0.0;0.0;0.0;0.0;0.0;0.0;0.0;0.0;0.0;0.0;0.0;0.0;0.0;0.0;0.0;0.0;0.0;0.0;0.0;0.0;0.0;0.0;0.0;0.0;0.0;1.0;0.0;0.0;0.0;0.0;0.0;0.0;0.0;0.0;0.0;0.0;0.0;0.0;0.0;0.0;0.0;0.0;0.0;0.0;0.0;0.0;0.0;0.0;0.0;0.0;0.0;0.0;0.3333333333333333;0.375;0.0;0.0;0.0;0.375;0.0;0.0;0.0;0.0;0.0;0.0;0.0;0.0;0.0;0.0;0.0;0.0;0.0;0.0;0.0;0.0;0.0;0.42857142857142855;0.2;0.0;0.0;0.0;0.0;0.0;0.0;0.0;0.0;0.5714285714285714;0.0;0.0;0.0;0.0;0.0;0.0;0.0;0.0;0.0;0.25;0.0;0.0;0.0;0.0;0.0
GO:1901642;0.0;0.0;0.0;0.0;0.0;0.5;0.0;0.0;0.0;0.0;0.0;0.4444444444444444;0.0;0.0;0.4444444444444444;0.0;0.0;0.0;0.0;0.0;0.375;0.0;0.0;0.0;0.0;0.0;1.0;0.0;0.25;0.0;0.0;0.0;0.0;0.0;0.5;0.0;0.0;0.0;0.0;0.0;0.0;0.0;0.0;0.0;0.0;0.0;0.0;0.42857142857142855;0.0;0.0;0.0;0.4444444444444444;0.0;0.0;0.0;0.0;0.0;0.0;0.0;0.0;0.0;0.0;0.0;0.0;0.0;0.0;0.0;0.5;0.375;0.0;0.0;0.5555555555555556;0.5714285714285714;0.0;0.375;0.0;0.0;0.0;0.0;0.6666666666666666;0.1;0.0;0.0;0.0;0.0;0.0;0.0;0.6666666666666666;0.0;0.0;0.0;0.0;0.0;0.0;0.0;0.0;0.625;0.0;0.4444444444444444;0.0;0.4444444444444444
GO:0045944;0.0;0.2727272727272727;0.16666666666666666;0.0;0.6666666666666666;0.0;0.0;0.0;0.0;0.2727272727272727;0.3333333333333333;0.0;0.2727272727272727;0.2727272727272727;0.0;0.0;0.0;0.0;0.2727272727272727;0.3;0.0;0.2727272727272727;0.0;0.0;0.0;0.0;0.0;1.0;0.0;0.25;0.0;0.0;0.2727272727272727;0.0;0.0;0.36363636363636365;0.0;0.0;0.0;0.3;0.0;0.0;0.0;0.0;0.0;0.0;0.0;0.0;0.0;0.25;0.3333333333333333;0.0;0.0;0.0;0.0;0.15384615384615385;0.15384615384615385;0.0;0.0;0.07142857142857142;0.25;0.21428571428571427;0.23076923076923078;0.14285714285714285;0.23076923076923078;0.2727272727272727;0.2727272727272727;0.0;0.0;0.21428571428571427;0.1111111111111111;0.0;0.0;0.1111111111111111;0.0;0.0;0.0;0.0;0.0;0.0;0.0;0.2727272727272727;0.2727272727272727;0.1111111111111111;0.2727272727272727;0.0;0.0;0.0;0.0;0.0;0.0;0.0;0.0;0.2727272727272727;0.2727272727272727;0.0;0.0;0.3;0.0;0.2727272727272727;0.0
GO:0042953;0.0;0.0;0.0;0.0;0.0;0.3333333333333333;0.0;0.0;0.0;0.0;0.0;0.25;0.0;0.0;0.25;0.0;0.0;0.0;0.0;0.0;0.5714285714285714;0.0;0.0;0.0;0.0;0.0;0.25;0.0;1.0;0.0;0.0;0.0;0.0;0.0;0.5;0.0;0.0;0.0;0.0;0.0;0.0;0.0;0.0;0.0;0.0;0.0;0.375;0.4;0.0;0.0;0.0;0.3;0.0;0.0;0.0;0.0;0.0;0.0;0.0;0.0;0.0;0.0;0.0;0.0;0.0;0.0;0.0;0.4444444444444444;0.0;0.0;0.0;0.4;0.4444444444444444;0.0;0.3;0.0;0.0;0.0;0.0;0.5;0.375;0.0;0.0;0.0;0.0;0.0;0.0;0.0;0.0;0.0;0.0;0.0;0.0;0.0;0.0;0.0;0.4444444444444444;0.0;0.25;0.0;0.4444444444444444
GO:0043491;0.0;0.0;0.0;0.0;0.2727272727272727;0.0;0.0;0.0;0.0;0.3333333333333333;0.3333333333333333;0.0;0.0;0.0;0.25;0.0;0.0;0.0;0.0;0.0;0.0;0.0;0.0;0.0;0.0;0.0;0.0;0.25;0.0;1.0;0.14285714285714285;0.0;0.0;0.0;0.0;0.3333333333333333;0.0;0.0;0.14285714285714285;0.42857142857142855;0.0;0.0;0.0;0.0;0.16666666666666666;0.0;0.0;0.0;0.0;0.3;0.0;0.0;0.0;0.2;0.0;0.0;0.0;0.2;0.0;0.1111111111111111;0.0;0.2727272727272727;0.0;0.0;0.0;0.0;0.0;0.0;0.0;0.0;0.0;0.0;0.0;0.0;0.0;0.0;0.125;0.0;0.0;0.0;0.0;0.0;0.0;0.0;0.0;0.0;0.0;0.0;0.0;0.2;0.0;0.0;0.16666666666666666;0.375;0.0;0.0;0.0;0.0;0.0;0.0;0.0
GO:0071277;0.0;0.0;0.0;0.14285714285714285;0.0;0.0;0.14285714285714285;0.0;0.0;0.0;0.0;0.0;0.0;0.0;0.125;0.0;0.0;0.0;0.0;0.0;0.0;0.0;0.0;0.3333333333333333;0.14285714285714285;0.0;0.0;0.0;0.0;0.14285714285714285;1.0;0.14285714285714285;0.14285714285714285;0.14285714285714285;0.0;0.0;0.0;0.0;0.09090909090909091;0.0;0.0;0.0;0.14285714285714285;0.0;0.375;0.0;0.0;0.0;0.14285714285714285;0.0;0.0;0.0;0.0;0.1111111111111111;0.0;0.0;0.0;0.1111111111111111;0.0;0.2727272727272727;0.0;0.0;0.0;0.0;0.0;0.0;0.0;0.0;0.0;0.0;0.0;0.0;0.0;0.0;0.0;0.1111111111111111;0.08333333333333333;0.14285714285714285;0.08333333333333333;0.0;0.0;0.0;0.0;0.0;0.0;0.0;0.14285714285714285;0.0;0.0;0.1111111111111111;0.0;0.14285714285714285;0.375;0.0;0.0;0.09090909090909091;0.0;0.0;0.0;0.0;0.0
GO:0097104;0.0;0.0;0.0;0.0;0.0;0.0;0.0;0.0;0.0;0.0;0.0;0.0;0.0;0.0;0.25;0.0;0.0;0.0;0.0;0.0;0.0;0.0;0.0;0.0;0.0;0.0;0.0;0.0;0.0;0.0;0.14285714285714285;1.0;0.0;0.0;0.0;0.0;0.0;0.0;0.2857142857142857;0.0;0.0;0.0;0.0;0.0;0.16666666666666666;0.0;0.0;0.0;0.0;0.0;0.0;0.0;0.0;0.2;0.0;0.0;0.0;0.2;0.0;0.1111111111111111;0.0;0.0;0.0;0.0;0.0;0.0;0.0;0.0;0.0;0.0;0.0;0.0;0.0;0.0;0.0;0.0;0.125;0.0;0.0;0.0;0.0;0.0;0.0;0.0;0.0;0.0;0.0;0.0;0.0;0.2;0.0;0.0;0.16666666666666666;0.0;0.0;0.0;0.0;0.0;0.0;0.0;0.0
GO:0023041;0.0;0.0;0.0;0.0;0.3;0.0;0.0;0.0;0.0;0.375;0.375;0.0;0.3;0.0;0.25;0.0;0.0;0.0;0.0;0.0;0.0;0.0;0.0;0.0;0.0;0.0;0.0;0.2727272727272727;0.0;0.0;0.14285714285714285;0.0;1.0;0.0;0.0;0.375;0.0;0.0;0.14285714285714285;0.5;0.0;0.0;0.0;0.0;0.16666666666666666;0.0;0.0;0.0;0.0;0.3333333333333333;0.0;0.0;0.0;0.2;0.0;0.0;0.0;0.2;0.0;0.1111111111111111;0.0;0.3;0.3333333333333333;0.0;0.3333333333333333;0.3333333333333333;0.3333333333333333;0.0;0.0;0.3;0.0;0.0;0.0;0.0;0.0;0.0;0.125;0.0;0.0;0.0;0.0;0.3333333333333333;0.3333333333333333;0.0;0.3333333333333333;0.0;0.0;0.0;0.0;0.2;0.0;0.0;0.16666666666666666;0.42857142857142855;0.3333333333333333;0.0;0.0;0.0;0.0;0.3333333333333333;0.0
GO:0097105;0.0;0.0;0.0;0.0;0.0;0.0;0.0;0.0;0.0;0.0;0.0;0.0;0.0;0.0;0.25;0.0;0.0;0.0;0.0;0.0;0.0;0.0;0.0;0.0;0.0;0.0;0.0;0.0;0.0;0.0;0.14285714285714285;0.0;0.0;1.0;0.0;0.0;0.0;0.0;0.2857142857142857;0.0;0.0;0.0;0.0;0.0;0.16666666666666666;0.0;0.0;0.0;0.0;0.0;0.0;0.0;0.0;0.2;0.0;0.0;0.0;0.2;0.0;0.1111111111111111;0.0;0.0;0.0;0.0;0.0;0.0;0.0;0.0;0.0;0.0;0.0;0.0;0.0;0.0;0.0;0.0;0.125;0.0;0.0;0.0;0.0;0.0;0.0;0.0;0.0;0.0;0.0;0.0;0.0;0.2;0.0;0.0;0.16666666666666666;0.0;0.0;0.0;0.0;0.0;0.0;0.0;0.0
GO:0015889;0.0;0.0;0.0;0.0;0.0;0.0;0.0;0.0;0.0;0.0;0.0;0.3;0.0;0.0;0.3;0.0;0.0;0.0;0.0;0.0;0.0;0.0;0.0;0.0;0.0;0.0;0.5;0.0;0.5;0.0;0.0;0.0;0.0;0.0;1.0;0.0;0.0;0.0;0.0;0.0;0.0;0.0;0.0;0.0;0.0;0.0;0.0;0.5714285714285714;0.0;0.0;0.0;0.375;0.0;0.0;0.0;0.0;0.0;0.0;0.0;0.0;0.0;0.0;0.0;0.0;0.0;0.0;0.0;0.6666666666666666;0.0;0.0;0.0;0.5;0.5714285714285714;0.0;0.375;0.0;0.0;0.0;0.0;0.6666666666666666;0.0;0.0;0.0;0.0;0.0;0.0;0.0;0.0;0.0;0.0;0.0;0.0;0.0;0.0;0.0;0.0;0.5714285714285714;0.0;0.3;0.0;0.5714285714285714
GO:2000378;0.0;0.2727272727272727;0.2;0.0;0.5555555555555556;0.0;0.0;0.0;0.0;0.3333333333333333;0.3333333333333333;0.0;0.2727272727272727;0.2;0.0;0.0;0.0;0.0;0.2727272727272727;0.2222222222222222;0.0;0.2;0.0;0.0;0.3333333333333333;0.0;0.0;0.36363636363636365;0.0;0.3333333333333333;0.0;0.0;0.375;0.0;0.0;1.0;0.0;0.0;0.0;0.42857142857142855;0.0;0.0;0.0;0.0;0.0;0.0;0.0;0.0;0.0;0.3;0.25;0.0;0.0;0.0;0.0;0.36363636363636365;0.36363636363636365;0.0;0.0;0.08333333333333333;0.0;0.4;0.3;0.3333333333333333;0.3;0.3;0.3;0.0;0.0;0.2727272727272727;0.4444444444444444;0.0;0.0;0.4444444444444444;0.0;0.0;0.0;0.0;0.0;0.0;0.0;0.3;0.3;0.14285714285714285;0.3;0.0;0.0;0.0;0.0;0.0;0.0;0.0;0.0;0.5714285714285714;0.3;0.0;0.0;0.2222222222222222;0.0;0.3;0.0
GO:0050908;0.0;0.0;0.0;0.0;0.0;0.0;0.0;0.0;0.0;0.0;0.0;0.0;0.0;0.0;0.0;0.0;0.0;0.0;0.0;0.0;0.0;0.0;0.0;0.0;0.0;0.0;0.0;0.0;0.0;0.0;0.0;0.0;0.0;0.0;0.0;0.0;1.0;0.0;0.0;0.0;0.0;0.0;0.0;0.0;0.0;0.0;0.0;0.0;0.0;0.0;0.0;0.0;0.0;0.0;0.0;0.0;0.0;0.0;0.0;0.0;0.0;0.0;0.0;0.0;0.0;0.0;0.0;0.0;0.0;0.0;0.0;0.0;0.0;0.0;0.0;0.0;0.0;0.0;0.0;0.0;0.0;0.0;0.0;0.0;0.0;0.0;0.0;0.0;0.0;0.0;0.0;0.0;0.0;0.0;0.0;0.0;0.0;0.0;0.0;0.0;0.0
GO:0002072;0.0;0.0;0.0;0.0;0.0;0.0;0.0;0.0;0.0;0.0;0.0;0.0;0.0;0.0;0.0;0.0;0.0;0.0;0.0;0.0;0.0;0.0;0.0;0.0;0.0;0.0;0.0;0.0;0.0;0.0;0.0;0.0;0.0;0.0;0.0;0.0;0.0;1.0;0.0;0.0;0.0;0.0;0.0;0.0;0.0;0.0;0.0;0.0;0.0;0.0;0.0;0.0;0.0;0.0;0.0;0.0;0.0;0.0;0.0;0.0;0.0;0.0;0.0;0.0;0.0;0.0;0.0;0.0;0.0;0.0;0.0;0.0;0.0;0.0;0.0;0.0;0.0;0.0;0.0;0.0;0.0;0.0;0.0;0.0;0.0;0.0;0.0;0.0;0.0;0.2;0.0;0.0;0.0;0.0;0.0;0.0;0.0;0.0;0.0;0.0;0.0
GO:0048789;0.0;0.0;0.0;0.14285714285714285;0.0;0.0;0.2857142857142857;0.0;0.0;0.0;0.0;0.0;0.0;0.0;0.125;0.14285714285714285;0.14285714285714285;0.0;0.0;0.0;0.0;0.0;0.0;0.0;0.14285714285714285;0.0;0.0;0.0;0.0;0.14285714285714285;0.09090909090909091;0.2857142857142857;0.14285714285714285;0.2857142857142857;0.0;0.0;0.0;0.0;1.0;0.0;0.0;0.0;0.14285714285714285;0.0;0.1;0.0;0.0;0.0;0.14285714285714285;0.0;0.0;0.0;0.0;0.1111111111111111;0.14285714285714285;0.0;0.0;0.1111111111111111;0.0;0.07692307692307693;0.0;0.0;0.0;0.0;0.0;0.0;0.0;0.0;0.0;0.0;0.0;0.0;0.0;0.0;0.0;0.1111111111111111;0.08333333333333333;0.14285714285714285;0.08333333333333333;0.0;0.0;0.0;0.0;0.0;0.0;0.0;0.2857142857142857;0.0;0.0;0.1111111111111111;0.0;0.2857142857142857;0.1;0.0;0.0;0.09090909090909091;0.0;0.0;0.0;0.0;0.0
GO:1901379;0.0;0.3333333333333333;0.25;0.0;0.3333333333333333;0.0;0.0;0.0;0.0;0.42857142857142855;0.42857142857142855;0.0;0.3333333333333333;0.25;0.0;0.0;0.0;0.0;0.3333333333333333;0.2857142857142857;0.0;0.25;0.0;0.0;0.42857142857142855;0.0;0.0;0.3;0.0;0.42857142857142855;0.0;0.0;0.5;0.0;0.0;0.42857142857142855;0.0;0.0;0.0;1.0;0.0;0.0;0.0;0.0;0.0;0.0;0.0;0.0;0.0;0.375;0.3333333333333333;0.0;0.0;0.0;0.0;0.3;0.3;0.0;0.0;0.1;0.0;0.3333333333333333;0.7;0.2727272727272727;0.7;0.375;0.375;0.0;0.0;0.3333333333333333;0.2;0.0;0.0;0.2;0.0;0.0;0.0;0.0;0.0;0.0;0.0;0.375;0.375;0.2;0.375;0.0;0.0;0.0;0.0;0.0;0.0;0.0;0.0;0.5;0.375;0.0;0.0;0.2857142857142857;0.0;0.375;0.0
GO:0097113;0.0;0.0;0.0;0.0;0.0;0.0;0.0;0.0;0.0;0.0;0.0;0.0;0.0;0.0;0.0;0.0;0.0;0.0;0.0;0.0;0.0;0.0;0.0;0.0;0.0;0.0;0.0;0.0;0.0;0.0;0.0;0.0;0.0;0.0;0.0;0.0;0.0;0.0;0.0;0.0;1.0;0.0;0.0;0.0;0.0;0.0;0.0;0.0;0.0;0.0;0.0;0.0;0.0;0.0;0.0;0.0;0.0;0.0;0.0;0.0;0.0;0.0;0.0;0.0;0.0;0.0;0.0;0.0;0.0;0.0;0.0;0.0;0.0;0.0;0.0;0.0;0.0;0.0;0.0;0.0;0.5;0.0;0.0;0.0;0.0;0.0;0.0;0.0;0.0;0.0;0.0;0.0;0.0;0.0;0.0;0.0;0.0;0.0;0.0;0.0;0.0
GO:0097115;0.0;0.0;0.0;0.0;0.0;0.0;0.0;0.0;0.0;0.0;0.0;0.0;0.0;0.0;0.0;0.0;0.0;0.0;0.0;0.0;0.0;0.0;0.0;0.0;0.0;0.0;0.0;0.0;0.0;0.0;0.0;0.0;0.0;0.0;0.0;0.0;0.0;0.0;0.0;0.0;0.0;1.0;0.0;0.0;0.0;0.0;0.0;0.0;0.0;0.0;0.0;0.0;0.0;0.0;0.0;0.0;0.0;0.0;0.0;0.0;0.0;0.0;0.0;0.0;0.0;0.0;0.0;0.0;0.0;0.0;0.0;0.0;0.0;0.0;0.0;0.0;0.0;0.0;0.0;0.0;0.625;0.0;0.0;0.0;0.0;0.0;0.0;0.0;0.0;0.0;0.0;0.0;0.0;0.0;0.0;0.0;0.0;0.0;0.0;0.0;0.0
GO:0048675;0.0;0.0;0.0;0.0;0.0;0.0;0.0;0.0;0.0;0.0;0.0;0.0;0.0;0.0;0.25;0.0;0.0;0.0;0.0;0.0;0.0;0.0;0.0;0.0;0.0;0.0;0.0;0.0;0.0;0.0;0.14285714285714285;0.0;0.0;0.0;0.0;0.0;0.0;0.0;0.14285714285714285;0.0;0.0;0.0;1.0;0.0;0.16666666666666666;0.0;0.0;0.0;0.0;0.0;0.0;0.0;0.0;0.2;0.0;0.0;0.0;0.2;0.0;0.1111111111111111;0.0;0.0;0.0;0.0;0.0;0.0;0.0;0.0;0.0;0.0;0.0;0.0;0.0;0.0;0.0;0.0;0.125;0.0;0.0;0.0;0.0;0.0;0.0;0.0;0.0;0.0;0.0;0.0;0.0;0.2;0.0;0.0;0.16666666666666666;0.0;0.0;0.0;0.0;0.0;0.0;0.0;0.0
GO:0097114;0.0;0.0;0.0;0.0;0.0;0.0;0.0;0.0;0.0;0.0;0.0;0.0;0.0;0.0;0.0;0.0;0.0;0.0;0.0;0.0;0.0;0.0;0.0;0.0;0.0;0.0;0.0;0.0;0.0;0.0;0.0;0.0;0.0;0.0;0.0;0.0;0.0;0.0;0.0;0.0;0.0;0.0;0.0;1.0;0.0;0.0;0.0;0.0;0.0;0.0;0.0;0.0;0.0;0.0;0.0;0.0;0.0;0.0;0.0;0.0;0.0;0.0;0.0;0.0;0.0;0.0;0.0;0.0;0.0;0.0;0.0;0.0;0.0;0.0;0.0;0.0;0.0;0.0;0.0;0.0;0.5555555555555556;0.0;0.0;0.0;0.0;0.0;0.0;0.0;0.0;0.0;0.0;0.0;0.0;0.0;0.0;0.0;0.0;0.0;0.0;0.0;0.0
GO:0071300;0.0;0.0;0.0;0.16666666666666666;0.0;0.0;0.16666666666666666;0.0;0.0;0.0;0.0;0.0;0.0;0.0;0.14285714285714285;0.0;0.0;0.0;0.0;0.0;0.0;0.0;0.0;0.5;0.16666666666666666;0.0;0.0;0.0;0.0;0.16666666666666666;0.375;0.16666666666666666;0.16666666666666666;0.16666666666666666;0.0;0.0;0.0;0.0;0.1;0.0;0.0;0.0;0.16666666666666666;0.0;1.0;0.0;0.0;0.0;0.16666666666666666;0.0;0.0;0.0;0.0;0.125;0.0;0.0;0.0;0.125;0.0;0.4444444444444444;0.0;0.0;0.0;0.0;0.0;0.0;0.0;0.0;0.0;0.0;0.0;0.0;0.0;0.0;0.0;0.125;0.09090909090909091;0.16666666666666666;0.09090909090909091;0.0;0.0;0.0;0.0;0.0;0.0;0.0;0.16666666666666666;0.0;0.0;0.125;0.0;0.16666666666666666;0.5714285714285714;0.0;0.0;0.1;0.0;0.0;0.0;0.0;0.0
GO:0001658;0.0;0.0;0.2;0.0;0.0;0.0;0.0;0.0;0.0;0.0;0.0;0.0;0.0;0.0;0.0;0.0;0.0;0.0;0.0;0.0;0.0;0.0;0.0;0.0;0.0;0.0;0.0;0.0;0.0;0.0;0.0;0.0;0.0;0.0;0.0;0.0;0.0;0.0;0.0;0.0;0.0;0.0;0.0;0.0;0.0;1.0;0.0;0.0;0.0;0.0;0.0;0.0;0.0;0.0;0.0;0.0;0.0;0.0;0.0;0.0;0.0;0.0;0.0;0.0;0.0;0.0;0.0;0.0;0.0;0.0;0.0;0.0;0.0;0.0;0.0;0.0;0.0;0.0;0.0;0.0;0.0;0.0;0.0;0.0;0.0;0.0;0.0;0.0;0.0;0.2;0.0;0.0;0.0;0.0;0.0;0.0;0.0;0.0;0.0;0.0;0.0
GO:0097119;0.0;0.0;0.0;0.0;0.0;0.0;0.0;0.0;0.0;0.0;0.0;0.0;0.0;0.0;0.0;0.0;0.0;0.0;0.0;0.0;0.0;0.0;0.0;0.0;0.0;0.0;0.0;0.0;0.375;0.0;0.0;0.0;0.0;0.0;0.0;0.0;0.0;0.0;0.0;0.0;0.0;0.0;0.0;0.0;0.0;0.0;1.0;0.0;0.0;0.0;0.0;0.0;0.0;0.0;0.0;0.0;0.0;0.0;0.0;0.0;0.0;0.0;0.0;0.0;0.0;0.0;0.0;0.0;0.0;0.0;0.0;0.0;0.0;0.0;0.0;0.0;0.0;0.0;0.0;0.0;0.7142857142857143;0.0;0.0;0.0;0.0;0.0;0.0;0.0;0.0;0.0;0.0;0.0;0.0;0.0;0.0;0.0;0.0;0.0;0.0;0.0;0.0
GO:0015812;0.0;0.0;0.0;0.0;0.0;0.5;0.0;0.0;0.0;0.0;0.0;0.4166666666666667;0.0;0.0;0.3;0.0;0.0;0.0;0.0;0.0;0.375;0.0;0.0;0.0;0.0;0.0;0.42857142857142855;0.0;0.4;0.0;0.0;0.0;0.0;0.0;0.5714285714285714;0.0;0.0;0.0;0.0;0.0;0.0;0.0;0.0;0.0;0.0;0.0;0.0;1.0;0.0;0.0;0.0;0.375;0.0;0.0;0.0;0.0;0.0;0.0;0.0;0.0;0.0;0.0;0.0;0.0;0.0;0.0;0.0;0.5714285714285714;0.6;0.0;0.0;0.3333333333333333;0.5;0.0;0.375;0.0;0.0;0.0;0.0;0.5714285714285714;0.1;0.0;0.0;0.0;0.0;0.0;0.0;0.42857142857142855;0.0;0.0;0.0;0.0;0.0;0.0;0.0;0.0;0.6666666666666666;0.0;0.3;0.0;0.5
GO:0010001;0.0;0.0;0.0;0.0;0.0;0.0;0.0;0.0;0.0;0.0;0.0;0.0;0.0;0.0;0.25;0.0;0.0;0.0;0.0;0.0;0.0;0.0;0.0;0.0;0.0;0.0;0.0;0.0;0.0;0.0;0.14285714285714285;0.0;0.0;0.0;0.0;0.0;0.0;0.0;0.14285714285714285;0.0;0.0;0.0;0.0;0.0;0.16666666666666666;0.0;0.0;0.0;1.0;0.0;0.0;0.0;0.0;0.2;0.0;0.0;0.0;0.2;0.0;0.1111111111111111;0.0;0.0;0.0;0.0;0.0;0.0;0.0;0.0;0.0;0.0;0.0;0.0;0.0;0.0;0.0;0.0;0.125;0.0;0.0;0.0;0.0;0.0;0.0;0.0;0.0;0.0;0.0;0.0;0.0;0.6;0.0;0.0;0.16666666666666666;0.0;0.0;0.0;0.0;0.0;0.0;0.0;0.0
GO:2000302;0.0;0.3;0.18181818181818182;0.0;0.25;0.0;0.0;0.0;0.0;0.4444444444444444;0.4444444444444444;0.0;0.3;0.3;0.0;0.0;0.0;0.3333333333333333;0.3;0.5;0.0;0.3;0.0;0.0;0.3;0.0;0.0;0.25;0.0;0.3;0.0;0.0;0.3333333333333333;0.0;0.0;0.3;0.0;0.0;0.0;0.375;0.0;0.0;0.0;0.0;0.0;0.0;0.0;0.0;0.0;1.0;0.375;0.0;0.0;0.0;0.0;0.23076923076923078;0.23076923076923078;0.0;0.0;0.18181818181818182;0.2727272727272727;0.25;0.3;0.21428571428571427;0.3;0.625;0.625;0.0;0.0;0.25;0.125;0.0;0.0;0.125;0.0;0.0;0.0;0.0;0.0;0.0;0.0;0.4;0.625;0.36363636363636365;0.4444444444444444;0.0;0.0;0.0;0.0;0.0;0.0;0.0;0.0;0.3333333333333333;0.4444444444444444;0.0;0.0;0.3333333333333333;0.0;0.625;0.0
GO:1902474;0.0;0.42857142857142855;0.25;0.0;0.2222222222222222;0.0;0.0;0.0;0.0;0.42857142857142855;0.42857142857142855;0.0;0.42857142857142855;0.42857142857142855;0.0;0.0;0.0;0.0;0.42857142857142855;0.5;0.0;0.42857142857142855;0.0;0.0;0.0;0.0;0.0;0.3333333333333333;0.0;0.0;0.0;0.0;0.0;0.0;0.0;0.25;0.0;0.0;0.0;0.3333333333333333;0.0;0.0;0.0;0.0;0.0;0.0;0.0;0.0;0.0;0.375;1.0;0.0;0.0;0.0;0.0;0.2222222222222222;0.2222222222222222;0.0;0.0;0.1;0.0;0.2;0.25;0.2;0.25;0.42857142857142855;0.42857142857142855;0.0;0.0;0.2222222222222222;0.2;0.0;0.0;0.2;0.0;0.0;0.0;0.0;0.0;0.0;0.0;0.42857142857142855;0.42857142857142855;0.2;0.42857142857142855;0.0;0.0;0.0;0.0;0.0;0.0;0.0;0.0;0.2857142857142857;0.42857142857142855;0.0;0.0;0.5;0.0;0.42857142857142855;0.0
GO:1902358;0.0;0.0;0.0;0.0;0.0;0.42857142857142855;0.0;0.0;0.0;0.0;0.0;0.7777777777777778;0.0;0.0;0.6;0.0;0.0;0.0;0.0;0.0;0.3333333333333333;0.0;0.0;0.0;0.0;0.0;0.4444444444444444;0.0;0.3;0.0;0.0;0.0;0.0;0.0;0.375;0.0;0.0;0.0;0.0;0.0;0.0;0.0;0.0;0.0;0.0;0.0;0.0;0.375;0.0;0.0;0.0;1.0;0.0;0.0;0.0;0.0;0.0;0.0;0.0;0.0;0.0;0.0;0.0;0.0;0.0;0.0;0.0;0.5;0.3333333333333333;0.0;0.0;0.3;0.4;0.0;0.3333333333333333;0.0;0.0;0.0;0.0;0.4444444444444444;0.09090909090909091;0.0;0.0;0.0;0.0;0.0;0.0;0.4444444444444444;0.0;0.0;0.0;0.0;0.0;0.0;0.0;0.0;0.45454545454545453;0.0;0.6;0.0;0.3333333333333333
GO:0006366;0.0;0.0;0.0;0.0;0.0;0.0;0.0;0.0;0.0;0.0;0.0;0.0;0.0;0.0;0.125;0.0;0.0;0.0;0.0;0.0;0.0;0.0;0.0;0.0;0.0;0.3333333333333333;0.0;0.0;0.0;0.0;0.0;0.0;0.0;0.0;0.0;0.0;0.0;0.0;0.0;0.0;0.0;0.0;0.0;0.0;0.0;0.0;0.0;0.0;0.0;0.0;0.0;0.0;1.0;0.2;0.0;0.0;0.0;0.4;0.0;0.0;0.0;0.0;0.0;0.0;0.0;0.0;0.0;0.0;0.0;0.0;0.0;0.0;0.0;0.0;0.0;0.25;0.25;0.0;0.0;0.0;0.0;0.0;0.0;0.0;0.0;0.4;0.0;0.0;0.0;0.0;0.0;0.0;0.0;0.0;0.0;0.3333333333333333;0.0;0.0;0.0;0.0;0.0
GO:0009235;0.0;0.0;0.0;0.2;0.0;0.0;0.2;0.0;0.0;0.0;0.0;0.0;0.0;0.0;0.16666666666666666;0.0;0.0;0.0;0.0;0.0;0.0;0.0;0.0;0.0;0.2;0.375;0.0;0.0;0.0;0.2;0.1111111111111111;0.2;0.2;0.2;0.0;0.0;0.0;0.0;0.1111111111111111;0.0;0.0;0.0;0.2;0.0;0.125;0.0;0.0;0.0;0.2;0.0;0.0;0.0;0.2;1.0;0.0;0.0;0.0;0.42857142857142855;0.0;0.09090909090909091;0.0;0.0;0.0;0.0;0.0;0.0;0.0;0.0;0.0;0.0;0.0;0.0;0.0;0.0;0.0;0.5;0.3;0.2;0.1;0.0;0.0;0.0;0.0;0.0;0.0;0.42857142857142855;0.2;0.0;0.0;0.14285714285714285;0.0;0.2;0.125;0.0;0.0;0.42857142857142855;0.0;0.0;0.0;0.0;0.0
GO:0051290;0.0;0.0;0.0;0.0;0.0;0.0;0.0;0.0;0.0;0.0;0.0;0.0;0.0;0.0;0.1111111111111111;0.0;0.0;0.0;0.0;0.0;0.0;0.0;0.0;0.0;0.0;0.0;0.0;0.0;0.0;0.0;0.0;0.0;0.0;0.0;0.0;0.0;0.0;0.0;0.14285714285714285;0.0;0.0;0.0;0.0;0.0;0.0;0.0;0.0;0.0;0.0;0.0;0.0;0.0;0.0;0.0;1.0;0.0;0.0;0.0;0.0;0.0;0.0;0.0;0.0;0.0;0.0;0.0;0.0;0.0;0.0;0.0;0.0;0.0;0.0;0.0;0.0;0.0;0.0;0.0;0.0;0.0;0.0;0.0;0.0;0.0;0.0;0.0;0.0;0.0;0.0;0.0;0.0;0.0;0.0;0.0;0.0;0.0;0.0;0.0;0.0;0.0;0.0
GO:1900215;0.0;0.18181818181818182;0.3;0.0;0.2727272727272727;0.0;0.0;0.0;0.0;0.6;0.25;0.0;0.6;0.3;0.0;0.0;0.0;0.0;0.18181818181818182;0.2;0.0;0.45454545454545453;0.0;0.0;0.0;0.0;0.0;0.15384615384615385;0.0;0.0;0.0;0.0;0.0;0.0;0.0;0.36363636363636365;0.0;0.0;0.0;0.3;0.0;0.0;0.0;0.0;0.0;0.0;0.0;0.0;0.0;0.23076923076923078;0.2222222222222222;0.0;0.0;0.0;0.0;1.0;0.7142857142857143;0.0;0.0;0.07692307692307693;0.6;0.7;0.18181818181818182;0.625;0.18181818181818182;0.18181818181818182;0.18181818181818182;0.0;0.0;0.6666666666666666;0.125;0.0;0.0;0.4;0.0;0.0;0.0;0.0;0.0;0.0;0.0;0.18181818181818182;0.18181818181818182;0.125;0.18181818181818182;0.0;0.0;0.0;0.0;0.0;0.0;0.0;0.0;0.3333333333333333;0.18181818181818182;0.0;0.0;0.3333333333333333;0.0;0.3;0.0
GO:1900218;0.0;0.18181818181818182;0.3;0.0;0.2727272727272727;0.0;0.0;0.0;0.0;0.6;0.25;0.0;0.6;0.3;0.0;0.0;0.0;0.0;0.18181818181818182;0.2;0.0;0.45454545454545453;0.0;0.0;0.0;0.0;0.0;0.15384615384615385;0.0;0.0;0.0;0.0;0.0;0.0;0.0;0.36363636363636365;0.0;0.0;0.0;0.3;0.0;0.0;0.0;0.0;0.0;0.0;0.0;0.0;0.0;0.23076923076923078;0.2222222222222222;0.0;0.0;0.0;0.0;0.7142857142857143;1.0;0.0;0.0;0.07692307692307693;0.6;0.7;0.18181818181818182;0.625;0.18181818181818182;0.18181818181818182;0.18181818181818182;0.0;0.0;0.6666666666666666;0.125;0.0;0.0;0.4;0.0;0.0;0.0;0.0;0.0;0.0;0.0;0.18181818181818182;0.18181818181818182;0.125;0.18181818181818182;0.0;0.0;0.0;0.0;0.0;0.0;0.0;0.0;0.3333333333333333;0.18181818181818182;0.0;0.0;0.3333333333333333;0.0;0.3;0.0
GO:0046415;0.0;0.0;0.0;0.2;0.0;0.0;0.2;0.0;0.0;0.0;0.0;0.0;0.0;0.0;0.16666666666666666;0.0;0.0;0.0;0.0;0.0;0.0;0.0;0.0;0.0;0.2;0.375;0.0;0.0;0.0;0.2;0.1111111111111111;0.2;0.2;0.2;0.0;0.0;0.0;0.0;0.1111111111111111;0.0;0.0;0.0;0.2;0.0;0.125;0.0;0.0;0.0;0.2;0.0;0.0;0.0;0.4;0.42857142857142855;0.0;0.0;0.0;1.0;0.0;0.09090909090909091;0.0;0.0;0.0;0.0;0.0;0.0;0.0;0.0;0.0;0.0;0.0;0.0;0.0;0.0;0.0;0.5;0.375;0.2;0.1;0.0;0.0;0.0;0.0;0.0;0.0;0.42857142857142855;0.2;0.0;0.0;0.14285714285714285;0.0;0.2;0.125;0.0;0.0;0.42857142857142855;0.0;0.0;0.0;0.0;0.0
GO:0048714;0.0;0.0;0.0;0.0;0.0;0.0;0.0;0.0;0.0;0.45454545454545453;0.0;0.0;0.36363636363636365;0.5;0.0;0.0;0.0;0.0;0.0;0.0;0.0;0.0;0.0;0.0;0.0;0.0;0.0;0.0;0.0;0.0;0.0;0.0;0.0;0.0;0.0;0.0;0.0;0.0;0.0;0.0;0.0;0.0;0.0;0.0;0.0;0.0;0.0;0.0;0.0;0.0;0.0;0.0;0.0;0.0;0.0;0.0;0.0;0.0;1.0;0.0;0.0;0.0;0.0;0.0;0.0;0.0;0.0;0.0;0.0;0.0;0.0;0.0;0.0;0.0;0.0;0.0;0.0;0.0;0.0;0.0;0.0;0.0;0.0;0.0;0.0;0.0;0.0;0.0;0.0;0.0;0.0;0.0;0.0;0.0;0.0;0.0;0.0;0.4;0.0;0.36363636363636365;0.0
GO:0071333;0.0;0.08333333333333333;0.08333333333333333;0.1111111111111111;0.07692307692307693;0.0;0.1111111111111111;0.0;0.0;0.08333333333333333;0.08333333333333333;0.0;0.08333333333333333;0.08333333333333333;0.1;0.0;0.0;0.0;0.08333333333333333;0.09090909090909091;0.0;0.08333333333333333;0.0;0.4;0.1111111111111111;0.0;0.0;0.07142857142857142;0.0;0.1111111111111111;0.2727272727272727;0.1111111111111111;0.1111111111111111;0.1111111111111111;0.0;0.08333333333333333;0.0;0.0;0.07692307692307693;0.1;0.0;0.0;0.1111111111111111;0.0;0.4444444444444444;0.0;0.0;0.0;0.1111111111111111;0.18181818181818182;0.1;0.0;0.0;0.09090909090909091;0.0;0.07692307692307693;0.07692307692307693;0.09090909090909091;0.0;1.0;0.0;0.07142857142857142;0.08333333333333333;0.07142857142857142;0.08333333333333333;0.2222222222222222;0.08333333333333333;0.0;0.0;0.07692307692307693;0.125;0.0;0.0;0.125;0.0;0.09090909090909091;0.07142857142857142;0.1111111111111111;0.07142857142857142;0.0;0.0;0.08333333333333333;0.08333333333333333;0.125;0.08333333333333333;0.0;0.1111111111111111;0.0;0.0;0.09090909090909091;0.0;0.1111111111111111;0.4;0.09090909090909091;0.08333333333333333;0.07692307692307693;0.0;0.09090909090909091;0.0;0.2;0.0
GO:0072300;0.0;0.0;0.0;0.0;0.0;0.0;0.0;0.0;0.0;0.75;0.0;0.0;0.75;0.4444444444444444;0.0;0.0;0.0;0.0;0.0;0.0;0.0;0.5555555555555556;0.0;0.0;0.0;0.0;0.0;0.25;0.0;0.0;0.0;0.0;0.0;0.0;0.0;0.0;0.0;0.0;0.0;0.0;0.0;0.0;0.0;0.0;0.0;0.0;0.0;0.0;0.0;0.2727272727272727;0.0;0.0;0.0;0.0;0.0;0.6;0.6;0.0;0.0;0.0;1.0;0.0;0.0;0.5454545454545454;0.0;0.0;0.0;0.0;0.0;0.6666666666666666;0.0;0.0;0.0;0.0;0.0;0.0;0.0;0.0;0.0;0.0;0.0;0.0;0.0;0.0;0.0;0.0;0.0;0.0;0.0;0.2;0.0;0.0;0.0;0.0;0.0;0.0;0.0;0.5;0.0;0.4444444444444444;0.0
GO:0043154;0.0;0.23076923076923078;0.16666666666666666;0.0;0.3333333333333333;0.0;0.0;0.0;0.0;0.2727272727272727;0.2727272727272727;0.0;0.23076923076923078;0.16666666666666666;0.0;0.0;0.0;0.0;0.23076923076923078;0.18181818181818182;0.0;0.16666666666666666;0.0;0.0;0.2727272727272727;0.0;0.0;0.21428571428571427;0.0;0.2727272727272727;0.0;0.0;0.3;0.0;0.0;0.4;0.0;0.0;0.0;0.3333333333333333;0.0;0.0;0.0;0.0;0.0;0.0;0.0;0.0;0.0;0.25;0.2;0.0;0.0;0.0;0.0;0.7;0.7;0.0;0.0;0.07142857142857142;0.0;1.0;0.25;0.6363636363636364;0.25;0.25;0.25;0.0;0.0;0.23076923076923078;0.36363636363636365;0.0;0.0;0.36363636363636365;0.0;0.0;0.0;0.0;0.0;0.0;0.0;0.25;0.25;0.1111111111111111;0.25;0.0;0.0;0.0;0.0;0.0;0.0;0.0;0.0;0.4444444444444444;0.25;0.0;0.0;0.18181818181818182;0.0;0.25;0.0
GO:2000311;0.0;0.2;0.2;0.0;0.25;0.0;0.0;0.0;0.0;0.3;0.3;0.0;0.2;0.2;0.0;0.0;0.0;0.0;0.2;0.36363636363636365;0.0;0.2;0.0;0.0;0.0;0.0;0.0;0.23076923076923078;0.0;0.0;0.0;0.0;0.3333333333333333;0.0;0.0;0.3;0.0;0.0;0.0;0.7;0.0;0.0;0.0;0.0;0.0;0.0;0.0;0.0;0.0;0.3;0.25;0.0;0.0;0.0;0.0;0.18181818181818182;0.18181818181818182;0.0;0.0;0.08333333333333333;0.0;0.25;1.0;0.16666666666666666;0.7142857142857143;0.3333333333333333;0.3333333333333333;0.0;0.0;0.25;0.14285714285714285;0.0;0.0;0.14285714285714285;0.0;0.0;0.0;0.0;0.0;0.0;0.0;0.2727272727272727;0.3333333333333333;0.14285714285714285;0.5;0.0;0.0;0.0;0.0;0.0;0.0;0.0;0.0;0.3333333333333333;0.3333333333333333;0.0;0.0;0.2222222222222222;0.0;0.5;0.0
GO:0072305;0.0;0.16666666666666666;0.2727272727272727;0.0;0.25;0.0;0.0;0.0;0.0;0.5454545454545454;0.23076923076923078;0.0;0.5454545454545454;0.4;0.0;0.0;0.0;0.0;0.16666666666666666;0.18181818181818182;0.0;0.5;0.0;0.0;0.0;0.0;0.0;0.14285714285714285;0.0;0.0;0.0;0.0;0.0;0.0;0.0;0.3333333333333333;0.0;0.0;0.0;0.2727272727272727;0.0;0.0;0.0;0.0;0.0;0.0;0.0;0.0;0.0;0.21428571428571427;0.2;0.0;0.0;0.0;0.0;0.625;0.625;0.0;0.0;0.07142857142857142;0.5454545454545454;0.6363636363636364;0.16666666666666666;1.0;0.16666666666666666;0.16666666666666666;0.16666666666666666;0.0;0.0;0.6;0.1111111111111111;0.0;0.0;0.36363636363636365;0.0;0.0;0.0;0.0;0.0;0.0;0.0;0.16666666666666666;0.16666666666666666;0.1111111111111111;0.16666666666666666;0.0;0.0;0.0;0.0;0.0;0.0;0.0;0.0;0.3;0.16666666666666666;0.0;0.0;0.3;0.0;0.2727272727272727;0.0
GO:2000310;0.0;0.2;0.2;0.0;0.25;0.0;0.0;0.0;0.0;0.3;0.3;0.0;0.2;0.2;0.0;0.0;0.0;0.0;0.2;0.36363636363636365;0.0;0.2;0.0;0.0;0.0;0.0;0.0;0.23076923076923078;0.0;0.0;0.0;0.0;0.3333333333333333;0.0;0.0;0.3;0.0;0.0;0.0;0.7;0.0;0.0;0.0;0.0;0.0;0.0;0.0;0.0;0.0;0.3;0.25;0.0;0.0;0.0;0.0;0.18181818181818182;0.18181818181818182;0.0;0.0;0.08333333333333333;0.0;0.25;0.7142857142857143;0.16666666666666666;1.0;0.3333333333333333;0.3333333333333333;0.0;0.0;0.25;0.14285714285714285;0.0;0.0;0.14285714285714285;0.0;0.0;0.0;0.0;0.0;0.0;0.0;0.2727272727272727;0.3333333333333333;0.14285714285714285;0.5;0.0;0.0;0.0;0.0;0.0;0.0;0.0;0.0;0.3333333333333333;0.3333333333333333;0.0;0.0;0.2222222222222222;0.0;0.5;0.0
GO:0060291;0.0;0.3333333333333333;0.2;0.0;0.25;0.0;0.0;0.0;0.0;0.4444444444444444;0.4444444444444444;0.0;0.3333333333333333;0.3333333333333333;0.0;0.0;0.0;0.0;0.3333333333333333;0.375;0.0;0.3333333333333333;0.0;0.0;0.0;0.0;0.0;0.2727272727272727;0.0;0.0;0.0;0.0;0.3333333333333333;0.0;0.0;0.3;0.0;0.0;0.0;0.375;0.0;0.0;0.0;0.0;0.0;0.0;0.0;0.0;0.0;0.625;0.42857142857142855;0.0;0.0;0.0;0.0;0.18181818181818182;0.18181818181818182;0.0;0.0;0.2222222222222222;0.0;0.25;0.3333333333333333;0.16666666666666666;0.3333333333333333;1.0;0.7142857142857143;0.0;0.0;0.25;0.14285714285714285;0.0;0.0;0.14285714285714285;0.0;0.0;0.0;0.0;0.0;0.0;0.0;0.3333333333333333;0.7142857142857143;0.14285714285714285;0.5;0.0;0.0;0.0;0.0;0.0;0.0;0.0;0.0;0.3333333333333333;0.3333333333333333;0.0;0.0;0.375;0.0;0.7142857142857143;0.0
GO:0051968;0.0;0.3333333333333333;0.2;0.0;0.25;0.0;0.0;0.0;0.0;0.4444444444444444;0.4444444444444444;0.0;0.3333333333333333;0.3333333333333333;0.0;0.0;0.0;0.0;0.3333333333333333;0.375;0.0;0.3333333333333333;0.0;0.0;0.0;0.0;0.0;0.2727272727272727;0.0;0.0;0.0;0.0;0.3333333333333333;0.0;0.0;0.3;0.0;0.0;0.0;0.375;0.0;0.0;0.0;0.0;0.0;0.0;0.0;0.0;0.0;0.625;0.42857142857142855;0.0;0.0;0.0;0.0;0.18181818181818182;0.18181818181818182;0.0;0.0;0.08333333333333333;0.0;0.25;0.3333333333333333;0.16666666666666666;0.3333333333333333;0.7142857142857143;1.0;0.0;0.0;0.25;0.14285714285714285;0.0;0.0;0.14285714285714285;0.0;0.0;0.0;0.0;0.0;0.0;0.0;0.3333333333333333;0.7142857142857143;0.14285714285714285;0.5;0.0;0.0;0.0;0.0;0.0;0.0;0.0;0.0;0.3333333333333333;0.3333333333333333;0.0;0.0;0.375;0.0;0.7142857142857143;0.0
GO:0015747;0.0;0.0;0.0;0.0;0.0;0.5;0.0;0.0;0.0;0.0;0.0;0.5;0.0;0.0;0.3;0.0;0.0;0.0;0.0;0.0;0.375;0.0;0.0;0.0;0.0;0.0;0.5;0.0;0.4444444444444444;0.0;0.0;0.0;0.0;0.0;0.6666666666666666;0.0;0.0;0.0;0.0;0.0;0.0;0.0;0.0;0.0;0.0;0.0;0.0;0.5714285714285714;0.0;0.0;0.0;0.5;0.0;0.0;0.0;0.0;0.0;0.0;0.0;0.0;0.0;0.0;0.0;0.0;0.0;0.0;0.0;1.0;0.5555555555555556;0.0;0.0;0.4444444444444444;0.5714285714285714;0.0;0.375;0.0;0.0;0.0;0.0;0.6666666666666666;0.1;0.0;0.0;0.0;0.0;0.0;0.0;0.42857142857142855;0.0;0.0;0.0;0.0;0.0;0.0;0.0;0.0;0.625;0.0;0.36363636363636365;0.0;0.5714285714285714
GO:0015746;0.0;0.0;0.0;0.0;0.0;0.0;0.0;0.0;0.0;0.0;0.0;0.4166666666666667;0.0;0.0;0.2727272727272727;0.0;0.0;0.0;0.0;0.0;0.0;0.0;0.0;0.0;0.0;0.0;0.375;0.0;0.0;0.0;0.0;0.0;0.0;0.0;0.0;0.0;0.0;0.0;0.0;0.0;0.0;0.0;0.0;0.0;0.0;0.0;0.0;0.6;0.0;0.0;0.0;0.3333333333333333;0.0;0.0;0.0;0.0;0.0;0.0;0.0;0.0;0.0;0.0;0.0;0.0;0.0;0.0;0.0;0.5555555555555556;1.0;0.0;0.0;0.3;0.3333333333333333;0.0;0.3333333333333333;0.0;0.0;0.0;0.0;0.375;0.0;0.0;0.0;0.0;0.0;0.0;0.0;0.0;0.0;0.0;0.0;0.0;0.0;0.0;0.0;0.0;0.6666666666666666;0.0;0.2727272727272727;0.0;0.3333333333333333
GO:0072307;0.0;0.18181818181818182;0.3;0.0;0.23076923076923078;0.0;0.0;0.0;0.0;0.6666666666666666;0.2727272727272727;0.0;0.6666666666666666;0.4;0.0;0.0;0.0;0.0;0.18181818181818182;0.2;0.0;0.5;0.0;0.0;0.0;0.0;0.0;0.21428571428571427;0.0;0.0;0.0;0.0;0.3;0.0;0.0;0.2727272727272727;0.0;0.0;0.0;0.3333333333333333;0.0;0.0;0.0;0.0;0.0;0.0;0.0;0.0;0.0;0.25;0.2222222222222222;0.0;0.0;0.0;0.0;0.6666666666666666;0.6666666666666666;0.0;0.0;0.07692307692307693;0.6666666666666666;0.23076923076923078;0.25;0.6;0.25;0.25;0.25;0.0;0.0;1.0;0.125;0.0;0.0;0.125;0.0;0.0;0.0;0.0;0.0;0.0;0.0;0.25;0.25;0.125;0.25;0.0;0.0;0.0;0.0;0.0;0.0;0.0;0.0;0.3;0.25;0.0;0.0;0.3333333333333333;0.0;0.3;0.0
GO:0061002;0.0;0.14285714285714285;0.0;0.0;0.125;0.0;0.0;0.0;0.0;0.14285714285714285;0.14285714285714285;0.0;0.14285714285714285;0.14285714285714285;0.0;0.0;0.0;0.0;0.14285714285714285;0.16666666666666666;0.0;0.14285714285714285;0.0;0.0;0.0;0.0;0.0;0.1111111111111111;0.0;0.0;0.0;0.0;0.0;0.0;0.0;0.4444444444444444;0.0;0.0;0.0;0.2;0.0;0.0;0.0;0.0;0.0;0.0;0.0;0.0;0.0;0.125;0.2;0.0;0.0;0.0;0.0;0.125;0.125;0.0;0.0;0.125;0.0;0.36363636363636365;0.14285714285714285;0.1111111111111111;0.14285714285714285;0.14285714285714285;0.14285714285714285;0.0;0.0;0.125;1.0;0.0;0.0;0.3333333333333333;0.0;0.0;0.0;0.0;0.0;0.0;0.0;0.14285714285714285;0.14285714285714285;0.3333333333333333;0.14285714285714285;0.0;0.0;0.0;0.0;0.0;0.0;0.0;0.0;0.5;0.4;0.0;0.0;0.16666666666666666;0.0;0.14285714285714285;0.0
GO:0015760;0.0;0.0;0.0;0.0;0.0;0.375;0.0;0.0;0.0;0.0;0.0;0.25;0.0;0.0;0.25;0.0;0.0;0.0;0.0;0.0;0.3;0.0;0.0;0.0;0.0;0.0;0.5555555555555556;0.0;0.4;0.0;0.0;0.0;0.0;0.0;0.5;0.0;0.0;0.0;0.0;0.0;0.0;0.0;0.0;0.0;0.0;0.0;0.0;0.3333333333333333;0.0;0.0;0.0;0.3;0.0;0.0;0.0;0.0;0.0;0.0;0.0;0.0;0.0;0.0;0.0;0.0;0.0;0.0;0.0;0.4444444444444444;0.3;0.0;0.0;1.0;0.4444444444444444;0.0;0.3;0.0;0.0;0.0;0.0;0.5;0.08333333333333333;0.0;0.0;0.0;0.0;0.0;0.0;0.3333333333333333;0.0;0.0;0.0;0.0;0.0;0.0;0.0;0.0;0.625;0.0;0.25;0.0;0.4444444444444444
GO:1904823;0.0;0.0;0.0;0.0;0.0;0.42857142857142855;0.0;0.0;0.0;0.0;0.0;0.4;0.0;0.0;0.4;0.0;0.0;0.0;0.0;0.0;0.3333333333333333;0.0;0.0;0.0;0.0;0.0;0.5714285714285714;0.0;0.4444444444444444;0.0;0.0;0.0;0.0;0.0;0.5714285714285714;0.0;0.0;0.0;0.0;0.0;0.0;0.0;0.0;0.0;0.0;0.0;0.0;0.5;0.0;0.0;0.0;0.4;0.0;0.0;0.0;0.0;0.0;0.0;0.0;0.0;0.0;0.0;0.0;0.0;0.0;0.0;0.0;0.5714285714285714;0.3333333333333333;0.0;0.0;0.4444444444444444;1.0;0.0;0.3333333333333333;0.0;0.0;0.0;0.0;0.5714285714285714;0.09090909090909091;0.0;0.0;0.0;0.0;0.0;0.0;0.5714285714285714;0.0;0.0;0.0;0.0;0.0;0.0;0.0;0.0;0.5;0.0;0.4;0.0;0.625
GO:0048843;0.0;0.14285714285714285;0.0;0.0;0.125;0.0;0.0;0.0;0.0;0.14285714285714285;0.14285714285714285;0.0;0.14285714285714285;0.14285714285714285;0.0;0.0;0.0;0.0;0.14285714285714285;0.16666666666666666;0.0;0.14285714285714285;0.0;0.0;0.0;0.0;0.0;0.1111111111111111;0.0;0.0;0.0;0.0;0.0;0.0;0.0;0.4444444444444444;0.0;0.0;0.0;0.2;0.0;0.0;0.0;0.0;0.0;0.0;0.0;0.0;0.0;0.125;0.2;0.0;0.0;0.0;0.0;0.4;0.4;0.0;0.0;0.125;0.0;0.36363636363636365;0.14285714285714285;0.36363636363636365;0.14285714285714285;0.14285714285714285;0.14285714285714285;0.0;0.0;0.125;0.3333333333333333;0.0;0.0;1.0;0.0;0.0;0.0;0.0;0.0;0.0;0.0;0.14285714285714285;0.14285714285714285;0.3333333333333333;0.14285714285714285;0.0;0.0;0.0;0.0;0.0;0.0;0.0;0.0;0.5;0.14285714285714285;0.0;0.0;0.16666666666666666;0.0;0.14285714285714285;0.0
GO:0006898;0.0;0.0;0.0;0.0;0.0;0.7142857142857143;0.0;0.0;0.0;0.0;0.0;0.2727272727272727;0.0;0.0;0.2727272727272727;0.0;0.0;0.0;0.0;0.0;0.3333333333333333;0.0;0.0;0.0;0.0;0.0;0.375;0.0;0.3;0.0;0.0;0.0;0.0;0.0;0.375;0.0;0.0;0.0;0.0;0.0;0.0;0.0;0.0;0.0;0.0;0.0;0.0;0.375;0.0;0.0;0.0;0.3333333333333333;0.0;0.0;0.0;0.0;0.0;0.0;0.0;0.0;0.0;0.0;0.0;0.0;0.0;0.0;0.0;0.375;0.3333333333333333;0.0;0.0;0.3;0.3333333333333333;0.0;1.0;0.0;0.0;0.0;0.0;0.375;0.09090909090909091;0.0;0.0;0.0;0.0;0.0;0.0;0.375;0.0;0.0;0.0;0.0;0.0;0.0;0.0;0.0;0.3333333333333333;0.0;0.2727272727272727;0.0;0.3333333333333333
GO:0006139;0.0;0.0;0.0;0.0;0.0;0.0;0.0;0.0;0.0;0.0;0.0;0.0;0.0;0.0;0.16666666666666666;0.0;0.0;0.0;0.0;0.0;0.0;0.0;0.0;0.0;0.0;0.42857142857142855;0.0;0.0;0.0;0.0;0.1111111111111111;0.0;0.0;0.0;0.0;0.0;0.0;0.0;0.1111111111111111;0.0;0.0;0.0;0.0;0.0;0.125;0.0;0.0;0.0;0.0;0.0;0.0;0.0;0.25;0.5;0.0;0.0;0.0;0.5;0.0;0.09090909090909091;0.0;0.0;0.0;0.0;0.0;0.0;0.0;0.0;0.0;0.0;0.0;0.0;0.0;0.0;0.0;1.0;0.25;0.0;0.0;0.0;0.0;0.0;0.0;0.0;0.0;0.5;0.0;0.0;0.0;0.14285714285714285;0.0;0.0;0.125;0.0;0.0;0.4;0.0;0.0;0.0;0.0;0.0
GO:0006533;0.0;0.0;0.0;0.125;0.0;0.0;0.125;0.0;0.0;0.0;0.0;0.0;0.0;0.0;0.1111111111111111;0.0;0.0;0.0;0.0;0.0;0.0;0.0;0.0;0.0;0.125;0.2;0.0;0.0;0.0;0.125;0.08333333333333333;0.125;0.125;0.125;0.0;0.0;0.0;0.0;0.08333333333333333;0.0;0.0;0.0;0.125;0.0;0.09090909090909091;0.0;0.0;0.0;0.125;0.0;0.0;0.0;0.25;0.3;0.0;0.0;0.0;0.375;0.0;0.07142857142857142;0.0;0.0;0.0;0.0;0.0;0.0;0.0;0.0;0.0;0.0;0.0;0.0;0.0;0.0;0.0;0.25;1.0;0.125;0.07692307692307693;0.0;0.0;0.0;0.0;0.0;0.0;0.2222222222222222;0.125;0.0;0.0;0.1;0.0;0.125;0.09090909090909091;0.0;0.0;0.375;0.0;0.0;0.0;0.0;0.0
GO:0001755;0.0;0.0;0.0;0.0;0.0;0.0;0.0;0.0;0.0;0.0;0.0;0.0;0.0;0.0;0.25;0.0;0.0;0.0;0.0;0.0;0.0;0.0;0.0;0.0;0.0;0.0;0.0;0.0;0.0;0.0;0.14285714285714285;0.0;0.0;0.0;0.0;0.0;0.0;0.0;0.14285714285714285;0.0;0.0;0.0;0.0;0.0;0.16666666666666666;0.0;0.0;0.0;0.0;0.0;0.0;0.0;0.0;0.2;0.0;0.0;0.0;0.2;0.0;0.1111111111111111;0.0;0.0;0.0;0.0;0.0;0.0;0.0;0.0;0.0;0.0;0.0;0.0;0.0;0.0;0.0;0.0;0.125;1.0;0.0;0.0;0.0;0.0;0.0;0.0;0.0;0.0;0.0;0.0;0.0;0.2;0.0;0.0;0.16666666666666666;0.0;0.0;0.0;0.0;0.0;0.0;0.0;0.0
GO:0098942;0.0;0.0;0.0;0.0;0.0;0.0;0.0;0.0;0.0;0.0;0.0;0.0;0.0;0.0;0.1111111111111111;0.0;0.0;0.0;0.0;0.0;0.0;0.0;0.0;0.0;0.0;0.0;0.0;0.0;0.0;0.0;0.08333333333333333;0.0;0.0;0.0;0.0;0.0;0.0;0.0;0.08333333333333333;0.0;0.0;0.0;0.0;0.0;0.09090909090909091;0.0;0.0;0.0;0.0;0.0;0.0;0.0;0.0;0.1;0.0;0.0;0.0;0.1;0.0;0.07142857142857142;0.0;0.0;0.0;0.0;0.0;0.0;0.0;0.0;0.0;0.0;0.0;0.0;0.0;0.0;0.0;0.0;0.07692307692307693;0.0;1.0;0.0;0.0;0.0;0.0;0.0;0.0;0.0;0.0;0.0;0.0;0.1;0.0;0.0;0.09090909090909091;0.0;0.0;0.0;0.0;0.0;0.0;0.0;0.0
GO:0072531;0.0;0.0;0.0;0.0;0.0;0.5;0.0;0.0;0.0;0.0;0.0;0.4444444444444444;0.0;0.0;0.4444444444444444;0.0;0.0;0.0;0.0;0.0;0.375;0.0;0.0;0.0;0.0;0.0;0.6666666666666666;0.0;0.5;0.0;0.0;0.0;0.0;0.0;0.6666666666666666;0.0;0.0;0.0;0.0;0.0;0.0;0.0;0.0;0.0;0.0;0.0;0.0;0.5714285714285714;0.0;0.0;0.0;0.4444444444444444;0.0;0.0;0.0;0.0;0.0;0.0;0.0;0.0;0.0;0.0;0.0;0.0;0.0;0.0;0.0;0.6666666666666666;0.375;0.0;0.0;0.5;0.5714285714285714;0.0;0.375;0.0;0.0;0.0;0.0;1.0;0.1;0.0;0.0;0.0;0.0;0.0;0.0;0.6666666666666666;0.0;0.0;0.0;0.0;0.0;0.0;0.0;0.0;0.5714285714285714;0.0;0.4444444444444444;0.0;0.5714285714285714
GO:0072659;0.0;0.0;0.0;0.0;0.0;0.14285714285714285;0.0;0.0;0.0;0.0;0.0;0.07692307692307693;0.0;0.0;0.07692307692307693;0.0;0.0;0.0;0.0;0.0;0.42857142857142855;0.0;0.0;0.0;0.0;0.0;0.1;0.0;0.375;0.0;0.0;0.0;0.0;0.0;0.0;0.0;0.0;0.0;0.0;0.0;0.5;0.625;0.0;0.5555555555555556;0.0;0.0;0.7142857142857143;0.1;0.0;0.0;0.0;0.09090909090909091;0.0;0.0;0.0;0.0;0.0;0.0;0.0;0.0;0.0;0.0;0.0;0.0;0.0;0.0;0.0;0.1;0.0;0.0;0.0;0.08333333333333333;0.09090909090909091;0.0;0.09090909090909091;0.0;0.0;0.0;0.0;0.1;1.0;0.0;0.0;0.0;0.0;0.0;0.0;0.0;0.0;0.0;0.0;0.0;0.0;0.0;0.0;0.0;0.09090909090909091;0.0;0.07692307692307693;0.0;0.09090909090909091
GO:0030335;0.0;0.3333333333333333;0.2;0.0;0.25;0.0;0.0;0.0;0.0;0.4444444444444444;0.4444444444444444;0.0;0.3333333333333333;0.3333333333333333;0.0;0.0;0.0;0.0;0.3333333333333333;0.375;0.0;0.3333333333333333;0.0;0.0;0.0;0.0;0.0;0.2727272727272727;0.0;0.0;0.0;0.0;0.3333333333333333;0.0;0.0;0.3;0.0;0.0;0.0;0.375;0.0;0.0;0.0;0.0;0.0;0.0;0.0;0.0;0.0;0.4;0.42857142857142855;0.0;0.0;0.0;0.0;0.18181818181818182;0.18181818181818182;0.0;0.0;0.08333333333333333;0.0;0.25;0.2727272727272727;0.16666666666666666;0.2727272727272727;0.3333333333333333;0.3333333333333333;0.0;0.0;0.25;0.14285714285714285;0.0;0.0;0.14285714285714285;0.0;0.0;0.0;0.0;0.0;0.0;0.0;1.0;0.3333333333333333;0.14285714285714285;0.3333333333333333;0.0;0.0;0.0;0.0;0.0;0.0;0.0;0.0;0.3333333333333333;0.3333333333333333;0.0;0.0;0.375;0.0;0.3333333333333333;0.0
GO:0032230;0.0;0.3333333333333333;0.2;0.0;0.25;0.0;0.0;0.0;0.0;0.4444444444444444;0.4444444444444444;0.0;0.3333333333333333;0.3333333333333333;0.0;0.0;0.0;0.0;0.3333333333333333;0.375;0.0;0.3333333333333333;0.0;0.0;0.0;0.0;0.0;0.2727272727272727;0.0;0.0;0.0;0.0;0.3333333333333333;0.0;0.0;0.3;0.0;0.0;0.0;0.375;0.0;0.0;0.0;0.0;0.0;0.0;0.0;0.0;0.0;0.625;0.42857142857142855;0.0;0.0;0.0;0.0;0.18181818181818182;0.18181818181818182;0.0;0.0;0.08333333333333333;0.0;0.25;0.3333333333333333;0.16666666666666666;0.3333333333333333;0.7142857142857143;0.7142857142857143;0.0;0.0;0.25;0.14285714285714285;0.0;0.0;0.14285714285714285;0.0;0.0;0.0;0.0;0.0;0.0;0.0;0.3333333333333333;1.0;0.14285714285714285;0.5;0.0;0.0;0.0;0.0;0.0;0.0;0.0;0.0;0.3333333333333333;0.3333333333333333;0.0;0.0;0.375;0.0;0.7142857142857143;0.0
GO:1905520;0.0;0.4444444444444444;0.0;0.0;0.125;0.0;0.0;0.0;0.0;0.14285714285714285;0.14285714285714285;0.0;0.4;0.5555555555555556;0.0;0.0;0.0;0.0;0.4444444444444444;0.16666666666666666;0.0;0.14285714285714285;0.0;0.0;0.0;0.0;0.0;0.1111111111111111;0.0;0.0;0.0;0.0;0.0;0.0;0.0;0.14285714285714285;0.0;0.0;0.0;0.2;0.0;0.0;0.0;0.0;0.0;0.0;0.0;0.0;0.0;0.36363636363636365;0.2;0.0;0.0;0.0;0.0;0.125;0.125;0.0;0.0;0.125;0.0;0.1111111111111111;0.14285714285714285;0.1111111111111111;0.14285714285714285;0.14285714285714285;0.14285714285714285;0.0;0.0;0.125;0.3333333333333333;0.0;0.0;0.3333333333333333;0.0;0.0;0.0;0.0;0.0;0.0;0.0;0.14285714285714285;0.14285714285714285;1.0;0.14285714285714285;0.0;0.0;0.0;0.0;0.0;0.0;0.0;0.0;0.16666666666666666;0.5;0.0;0.0;0.4444444444444444;0.0;0.4;0.0
GO:1902533;0.0;0.3333333333333333;0.2;0.0;0.25;0.0;0.0;0.0;0.0;0.4444444444444444;0.4444444444444444;0.0;0.3333333333333333;0.3333333333333333;0.0;0.0;0.0;0.0;0.3333333333333333;0.375;0.0;0.3333333333333333;0.0;0.0;0.0;0.0;0.0;0.2727272727272727;0.0;0.0;0.0;0.0;0.3333333333333333;0.0;0.0;0.3;0.0;0.0;0.0;0.375;0.0;0.0;0.0;0.0;0.0;0.0;0.0;0.0;0.0;0.4444444444444444;0.42857142857142855;0.0;0.0;0.0;0.0;0.18181818181818182;0.18181818181818182;0.0;0.0;0.08333333333333333;0.0;0.25;0.5;0.16666666666666666;0.5;0.5;0.5;0.0;0.0;0.25;0.14285714285714285;0.0;0.0;0.14285714285714285;0.0;0.0;0.0;0.0;0.0;0.0;0.0;0.3333333333333333;0.5;0.14285714285714285;1.0;0.0;0.0;0.0;0.0;0.0;0.0;0.0;0.0;0.3333333333333333;0.3333333333333333;0.0;0.0;0.375;0.0;0.7142857142857143;0.0
GO:0042359;0.0;0.0;0.0;0.0;0.0;0.0;0.0;0.0;0.0;0.0;0.0;0.0;0.0;0.0;0.0;0.0;0.0;0.0;0.0;0.0;0.0;0.0;0.0;0.0;0.0;0.5714285714285714;0.0;0.0;0.0;0.0;0.0;0.0;0.0;0.0;0.0;0.0;0.0;0.0;0.0;0.0;0.0;0.0;0.0;0.0;0.0;0.0;0.0;0.0;0.0;0.0;0.0;0.0;0.4;0.42857142857142855;0.0;0.0;0.0;0.42857142857142855;0.0;0.0;0.0;0.0;0.0;0.0;0.0;0.0;0.0;0.0;0.0;0.0;0.0;0.0;0.0;0.0;0.0;0.5;0.2222222222222222;0.0;0.0;0.0;0.0;0.0;0.0;0.0;0.0;1.0;0.0;0.0;0.0;0.0;0.0;0.0;0.0;0.0;0.0;0.2857142857142857;0.0;0.0;0.0;0.0;0.0
GO:0099054;0.0;0.0;0.0;0.0;0.0;0.0;0.0;0.0;0.0;0.0;0.0;0.0;0.0;0.0;0.25;0.0;0.0;0.0;0.0;0.0;0.0;0.0;0.0;0.0;0.0;0.0;0.0;0.0;0.0;0.0;0.14285714285714285;0.0;0.0;0.0;0.0;0.0;0.0;0.0;0.2857142857142857;0.0;0.0;0.0;0.0;0.0;0.16666666666666666;0.0;0.0;0.0;0.0;0.0;0.0;0.0;0.0;0.2;0.0;0.0;0.0;0.2;0.0;0.1111111111111111;0.0;0.0;0.0;0.0;0.0;0.0;0.0;0.0;0.0;0.0;0.0;0.0;0.0;0.0;0.0;0.0;0.125;0.0;0.0;0.0;0.0;0.0;0.0;0.0;0.0;0.0;1.0;0.0;0.0;0.2;0.0;0.0;0.16666666666666666;0.0;0.0;0.0;0.0;0.0;0.0;0.0;0.0
GO:0006855;0.0;0.0;0.0;0.0;0.0;0.0;0.0;0.0;0.0;0.0;0.0;0.4444444444444444;0.0;0.0;0.4444444444444444;0.0;0.0;0.0;0.0;0.0;0.0;0.0;0.0;0.0;0.0;0.0;0.6666666666666666;0.0;0.0;0.0;0.0;0.0;0.0;0.0;0.0;0.0;0.0;0.0;0.0;0.0;0.0;0.0;0.0;0.0;0.0;0.0;0.0;0.42857142857142855;0.0;0.0;0.0;0.4444444444444444;0.0;0.0;0.0;0.0;0.0;0.0;0.0;0.0;0.0;0.0;0.0;0.0;0.0;0.0;0.0;0.42857142857142855;0.0;0.0;0.0;0.3333333333333333;0.5714285714285714;0.0;0.375;0.0;0.0;0.0;0.0;0.6666666666666666;0.0;0.0;0.0;0.0;0.0;0.0;0.0;1.0;0.0;0.0;0.0;0.0;0.0;0.0;0.0;0.0;0.375;0.0;0.4444444444444444;0.0;0.375
GO:0072162;0.0;0.0;0.0;0.0;0.0;0.0;0.0;0.0;0.0;0.0;0.0;0.0;0.0;0.0;0.125;0.0;0.0;0.0;0.0;0.0;0.0;0.0;0.0;0.0;0.0;0.0;0.0;0.0;0.0;0.0;0.0;0.0;0.0;0.0;0.0;0.0;0.0;0.0;0.0;0.0;0.0;0.0;0.0;0.0;0.0;0.0;0.0;0.0;0.0;0.0;0.0;0.0;0.0;0.0;0.0;0.0;0.0;0.0;0.0;0.0;0.0;0.0;0.0;0.0;0.0;0.0;0.0;0.0;0.0;0.0;0.0;0.0;0.0;0.0;0.0;0.0;0.0;0.0;0.0;0.0;0.0;0.0;0.0;0.0;0.0;0.0;0.0;0.0;1.0;0.42857142857142855;0.0;0.0;0.0;0.0;0.0;0.0;0.0;0.0;0.0;0.0;0.0
GO:0048863;0.0;0.0;0.0;0.2;0.0;0.0;0.4;0.2;0.2;0.0;0.0;0.0;0.0;0.0;0.16666666666666666;0.0;0.0;0.0;0.0;0.0;0.0;0.0;0.42857142857142855;0.0;0.2;0.0;0.0;0.0;0.0;0.2;0.1111111111111111;0.2;0.2;0.2;0.0;0.0;0.0;0.2;0.1111111111111111;0.0;0.0;0.0;0.2;0.0;0.125;0.2;0.0;0.0;0.6;0.0;0.0;0.0;0.0;0.14285714285714285;0.0;0.0;0.0;0.14285714285714285;0.0;0.09090909090909091;0.2;0.0;0.0;0.0;0.0;0.0;0.0;0.0;0.0;0.0;0.0;0.0;0.0;0.0;0.0;0.14285714285714285;0.1;0.2;0.1;0.0;0.0;0.0;0.0;0.0;0.0;0.0;0.2;0.0;0.42857142857142855;1.0;0.2;0.4;0.125;0.0;0.0;0.1111111111111111;0.0;0.0;0.0;0.0;0.0
GO:0072289;0.0;0.0;0.0;0.0;0.0;0.0;0.0;0.0;0.0;0.0;0.0;0.0;0.0;0.0;0.0;0.0;0.0;0.0;0.0;0.0;0.0;0.0;0.0;0.0;0.0;0.0;0.0;0.0;0.0;0.0;0.0;0.0;0.0;0.0;0.0;0.0;0.0;0.0;0.0;0.0;0.0;0.0;0.0;0.0;0.0;0.0;0.0;0.0;0.0;0.0;0.0;0.0;0.0;0.0;0.0;0.0;0.0;0.0;0.0;0.0;0.0;0.0;0.0;0.0;0.0;0.0;0.0;0.0;0.0;0.0;0.0;0.0;0.0;0.0;0.0;0.0;0.0;0.0;0.0;0.0;0.0;0.0;0.0;0.0;0.0;0.0;0.0;0.0;0.0;0.2;1.0;0.0;0.0;0.0;0.0;0.0;0.0;0.0;0.0;0.0;0.0
GO:0140058;0.0;0.0;0.0;0.0;0.0;0.0;0.0;0.0;0.0;0.0;0.0;0.0;0.0;0.0;0.25;0.0;0.0;0.0;0.0;0.0;0.0;0.0;0.0;0.0;0.0;0.0;0.0;0.0;0.0;0.0;0.14285714285714285;0.0;0.0;0.0;0.0;0.0;0.0;0.0;0.2857142857142857;0.0;0.0;0.0;0.0;0.0;0.16666666666666666;0.0;0.0;0.0;0.0;0.0;0.0;0.0;0.0;0.2;0.0;0.0;0.0;0.2;0.0;0.1111111111111111;0.0;0.0;0.0;0.0;0.0;0.0;0.0;0.0;0.0;0.0;0.0;0.0;0.0;0.0;0.0;0.0;0.125;0.0;0.0;0.0;0.0;0.0;0.0;0.0;0.0;0.0;0.0;0.0;0.0;0.4;0.0;1.0;0.16666666666666666;0.0;0.0;0.0;0.0;0.0;0.0;0.0;0.0
GO:0070301;0.0;0.0;0.0;0.16666666666666666;0.0;0.0;0.16666666666666666;0.0;0.0;0.0;0.0;0.0;0.0;0.0;0.14285714285714285;0.0;0.0;0.0;0.0;0.0;0.0;0.0;0.0;0.375;0.16666666666666666;0.0;0.0;0.0;0.0;0.16666666666666666;0.375;0.16666666666666666;0.16666666666666666;0.16666666666666666;0.0;0.0;0.0;0.0;0.1;0.0;0.0;0.0;0.16666666666666666;0.0;0.5714285714285714;0.0;0.0;0.0;0.16666666666666666;0.0;0.0;0.0;0.0;0.125;0.0;0.0;0.0;0.125;0.0;0.4;0.0;0.0;0.0;0.0;0.0;0.0;0.0;0.0;0.0;0.0;0.0;0.0;0.0;0.0;0.0;0.125;0.09090909090909091;0.16666666666666666;0.09090909090909091;0.0;0.0;0.0;0.0;0.0;0.0;0.0;0.16666666666666666;0.0;0.0;0.125;0.0;0.16666666666666666;1.0;0.0;0.0;0.1;0.0;0.0;0.0;0.0;0.0
GO:0045918;0.0;0.3;0.2222222222222222;0.0;0.4444444444444444;0.0;0.0;0.0;0.0;0.375;0.375;0.0;0.3;0.2222222222222222;0.0;0.0;0.0;0.0;0.3;0.25;0.0;0.2222222222222222;0.0;0.0;0.375;0.0;0.0;0.2727272727272727;0.0;0.375;0.0;0.0;0.42857142857142855;0.0;0.0;0.5714285714285714;0.0;0.0;0.0;0.5;0.0;0.0;0.0;0.0;0.0;0.0;0.0;0.0;0.0;0.3333333333333333;0.2857142857142857;0.0;0.0;0.0;0.0;0.3333333333333333;0.3333333333333333;0.0;0.0;0.09090909090909091;0.0;0.4444444444444444;0.3333333333333333;0.3;0.3333333333333333;0.3333333333333333;0.3333333333333333;0.0;0.0;0.3;0.5;0.0;0.0;0.5;0.0;0.0;0.0;0.0;0.0;0.0;0.0;0.3333333333333333;0.3333333333333333;0.16666666666666666;0.3333333333333333;0.0;0.0;0.0;0.0;0.0;0.0;0.0;0.0;1.0;0.3333333333333333;0.0;0.0;0.25;0.0;0.3333333333333333;0.0
GO:1900244;0.0;0.5;0.2;0.0;0.25;0.0;0.0;0.0;0.0;0.4444444444444444;0.4444444444444444;0.0;0.3333333333333333;0.3333333333333333;0.0;0.0;0.0;0.45454545454545453;0.5;0.5714285714285714;0.0;0.3333333333333333;0.0;0.0;0.0;0.0;0.0;0.2727272727272727;0.0;0.0;0.0;0.0;0.3333333333333333;0.0;0.0;0.3;0.0;0.0;0.0;0.375;0.0;0.0;0.0;0.0;0.0;0.0;0.0;0.0;0.0;0.4444444444444444;0.42857142857142855;0.0;0.0;0.0;0.0;0.18181818181818182;0.18181818181818182;0.0;0.0;0.08333333333333333;0.0;0.25;0.3333333333333333;0.16666666666666666;0.3333333333333333;0.3333333333333333;0.3333333333333333;0.0;0.0;0.25;0.4;0.0;0.0;0.14285714285714285;0.0;0.0;0.0;0.0;0.0;0.0;0.0;0.3333333333333333;0.3333333333333333;0.5;0.3333333333333333;0.0;0.0;0.0;0.0;0.0;0.0;0.0;0.0;0.3333333333333333;1.0;0.0;0.0;0.375;0.0;0.3333333333333333;0.0
GO:0008652;0.0;0.0;0.0;0.0;0.0;0.0;0.0;0.0;0.0;0.0;0.0;0.0;0.0;0.0;0.125;0.0;0.0;0.0;0.0;0.0;0.0;0.0;0.0;0.0;0.0;0.25;0.0;0.0;0.0;0.0;0.09090909090909091;0.0;0.0;0.0;0.0;0.0;0.0;0.0;0.09090909090909091;0.0;0.0;0.0;0.0;0.0;0.1;0.0;0.0;0.0;0.0;0.0;0.0;0.0;0.3333333333333333;0.42857142857142855;0.0;0.0;0.0;0.42857142857142855;0.0;0.07692307692307693;0.0;0.0;0.0;0.0;0.0;0.0;0.0;0.0;0.0;0.0;0.0;0.0;0.0;0.0;0.0;0.4;0.375;0.0;0.0;0.0;0.0;0.0;0.0;0.0;0.0;0.2857142857142857;0.0;0.0;0.0;0.1111111111111111;0.0;0.0;0.1;0.0;0.0;1.0;0.0;0.0;0.0;0.0;0.0
GO:0015739;0.0;0.0;0.0;0.0;0.0;0.42857142857142855;0.0;0.0;0.0;0.0;0.0;0.45454545454545453;0.0;0.0;0.2727272727272727;0.0;0.0;0.0;0.0;0.0;0.3333333333333333;0.0;0.0;0.0;0.0;0.0;0.625;0.0;0.4444444444444444;0.0;0.0;0.0;0.0;0.0;0.5714285714285714;0.0;0.0;0.0;0.0;0.0;0.0;0.0;0.0;0.0;0.0;0.0;0.0;0.6666666666666666;0.0;0.0;0.0;0.45454545454545453;0.0;0.0;0.0;0.0;0.0;0.0;0.0;0.0;0.0;0.0;0.0;0.0;0.0;0.0;0.0;0.625;0.6666666666666666;0.0;0.0;0.625;0.5;0.0;0.3333333333333333;0.0;0.0;0.0;0.0;0.5714285714285714;0.09090909090909091;0.0;0.0;0.0;0.0;0.0;0.0;0.375;0.0;0.0;0.0;0.0;0.0;0.0;0.0;0.0;1.0;0.0;0.3333333333333333;0.0;0.5
GO:0010841;0.0;0.375;0.375;0.0;0.2;0.0;0.0;0.0;0.0;0.5;0.375;0.0;0.5;0.5714285714285714;0.0;0.0;0.0;0.0;0.375;0.42857142857142855;0.0;0.5;0.0;0.0;0.0;0.0;0.0;0.3;0.0;0.0;0.0;0.0;0.0;0.0;0.0;0.2222222222222222;0.0;0.0;0.0;0.2857142857142857;0.0;0.0;0.0;0.0;0.0;0.0;0.0;0.0;0.0;0.3333333333333333;0.5;0.0;0.0;0.0;0.0;0.3333333333333333;0.3333333333333333;0.0;0.4;0.09090909090909091;0.5;0.18181818181818182;0.2222222222222222;0.3;0.2222222222222222;0.375;0.375;0.0;0.0;0.3333333333333333;0.16666666666666666;0.0;0.0;0.16666666666666666;0.0;0.0;0.0;0.0;0.0;0.0;0.0;0.375;0.375;0.4444444444444444;0.375;0.0;0.0;0.0;0.0;0.0;0.0;0.0;0.0;0.25;0.375;0.0;0.0;1.0;0.0;0.5714285714285714;0.0
GO:0035725;0.0;0.0;0.0;0.0;0.0;0.3333333333333333;0.0;0.0;0.0;0.0;0.0;0.6;0.0;0.0;0.7777777777777778;0.0;0.0;0.0;0.0;0.0;0.2727272727272727;0.0;0.0;0.0;0.0;0.0;0.4444444444444444;0.0;0.25;0.0;0.0;0.0;0.0;0.0;0.3;0.0;0.0;0.0;0.0;0.0;0.0;0.0;0.0;0.0;0.0;0.0;0.0;0.3;0.0;0.0;0.0;0.6;0.0;0.0;0.0;0.0;0.0;0.0;0.0;0.0;0.0;0.0;0.0;0.0;0.0;0.0;0.0;0.36363636363636365;0.2727272727272727;0.0;0.0;0.25;0.4;0.0;0.2727272727272727;0.0;0.0;0.0;0.0;0.4444444444444444;0.07692307692307693;0.0;0.0;0.0;0.0;0.0;0.0;0.4444444444444444;0.0;0.0;0.0;0.0;0.0;0.0;0.0;0.0;0.3333333333333333;0.0;1.0;0.0;0.2727272727272727
GO:2000463;0.0;0.3333333333333333;0.4444444444444444;0.0;0.25;0.0;0.0;0.0;0.0;0.4444444444444444;0.4444444444444444;0.0;0.4444444444444444;0.5;0.0;0.0;0.0;0.0;0.3333333333333333;0.375;0.0;0.4444444444444444;0.0;0.0;0.0;0.0;0.0;0.2727272727272727;0.0;0.0;0.0;0.0;0.3333333333333333;0.0;0.0;0.3;0.0;0.0;0.0;0.375;0.0;0.0;0.0;0.0;0.0;0.0;0.0;0.0;0.0;0.625;0.42857142857142855;0.0;0.0;0.0;0.0;0.3;0.3;0.0;0.36363636363636365;0.2;0.4444444444444444;0.25;0.5;0.2727272727272727;0.5;0.7142857142857143;0.7142857142857143;0.0;0.0;0.3;0.14285714285714285;0.0;0.0;0.14285714285714285;0.0;0.0;0.0;0.0;0.0;0.0;0.0;0.3333333333333333;0.7142857142857143;0.4;0.7142857142857143;0.0;0.0;0.0;0.0;0.0;0.0;0.0;0.0;0.3333333333333333;0.3333333333333333;0.0;0.0;0.5714285714285714;0.0;1.0;0.0
GO:0015855;0.0;0.0;0.0;0.0;0.0;0.42857142857142855;0.0;0.0;0.0;0.0;0.0;0.2727272727272727;0.0;0.0;0.2727272727272727;0.0;0.0;0.0;0.0;0.0;0.3333333333333333;0.0;0.0;0.0;0.0;0.0;0.4444444444444444;0.0;0.4444444444444444;0.0;0.0;0.0;0.0;0.0;0.5714285714285714;0.0;0.0;0.0;0.0;0.0;0.0;0.0;0.0;0.0;0.0;0.0;0.0;0.5;0.0;0.0;0.0;0.3333333333333333;0.0;0.0;0.0;0.0;0.0;0.0;0.0;0.0;0.0;0.0;0.0;0.0;0.0;0.0;0.0;0.5714285714285714;0.3333333333333333;0.0;0.0;0.4444444444444444;0.625;0.0;0.3333333333333333;0.0;0.0;0.0;0.0;0.5714285714285714;0.09090909090909091;0.0;0.0;0.0;0.0;0.0;0.0;0.375;0.0;0.0;0.0;0.0;0.0;0.0;0.0;0.0;0.5;0.0;0.2727272727272727;0.0;1.0
