;GO:0045806;GO:0008380;GO:0007098;GO:1902311;GO:0007173;GO:0045445;GO:0007016;GO:0051090;GO:0043304;GO:0030866;GO:0006878;GO:0048246;GO:0002317;GO:0010812;GO:0010977;GO:0071333;GO:0048245;GO:0002758;GO:0010976;GO:0031116;GO:0035434;GO:1902041;GO:0007186;GO:2000251;GO:0031032;GO:0043312;GO:0002175;GO:0006897;GO:0006139;GO:0030855;GO:0048298;GO:0002522;GO:0033209;GO:0070232;GO:0001558;GO:2000521;GO:0031663;GO:0050727;GO:0071205;GO:0010469;GO:0071407;GO:0050764;GO:0072659;GO:0071801;GO:0008360;GO:0008284;GO:0043123;GO:0048812;GO:0046598;GO:0043488;GO:0038096;GO:0043687;GO:0002576;GO:0007229;GO:0071677;GO:0010951;GO:2001189;GO:0042129;GO:0060333;GO:0045639;GO:0031295;GO:0034120;GO:0043299;GO:0007169;GO:0038083;GO:0006397;GO:0045637;GO:0090280;GO:0030516;GO:0050860;GO:0001578;GO:0002548;GO:0030913;GO:0045087;GO:0043066;GO:0030838;GO:0030593;GO:2001237;GO:2000145
GO:0045806;1.0;0.0;0.0;0.48628865985547254;0.402262255292106;0.0;0.3249374057767693;0.4165337591376717;0.6265394395324377;0.0;0.2566992122013501;0.0;0.0;0.5059727719294957;0.6576972684147724;0.25849240523372913;0.0;0.4382357235008968;0.5371320094235021;0.48290022452247455;0.0;0.3529143780359709;0.48131123848283497;0.43356459963226474;0.0;0.0;0.0;0.0;0.0;0.0;0.326725261985656;0.0;0.37302970625196163;0.3641000271434958;0.6200047404533673;0.40601998542366785;0.3463553183511684;0.44807222719674494;0.0;0.44844556719519857;0.0;0.7819293105102201;0.0;0.5097027790841351;0.5639345639851627;0.47932808982819086;0.33608471305105403;0.0;0.30977280128662177;0.39080176980255993;0.3463553183511684;0.0;0.0;0.3463553183511684;0.4275547952133921;0.44461100423805006;0.42868122241308443;0.3919916499919916;0.3463553183511684;0.4136739782908361;0.32623999013517774;0.2929431363017048;0.0;0.45150584525246895;0.0;0.0;0.4640007642375432;0.4706123649350966;0.5095746124232676;0.4455108873980014;0.0;0.0;0.0;0.0;0.5376656465878755;0.5095746124232676;0.0;0.4450972573796886;0.5761406421362938
GO:0008380;0.0;1.0;0.4543679656954753;0.0;0.5102749026364128;0.4810423535962684;0.4543679656954753;0.0;0.0;0.4106915173301167;0.31103480313646353;0.4543679656954753;0.4543679656954753;0.0;0.0;0.27737547316662975;0.4543679656954753;0.5462483708452037;0.0;0.0;0.0;0.0;0.5666626488377251;0.0;0.4226488829367255;0.4543679656954753;0.0;0.0;0.6881862943188974;0.5671341214034209;0.0;0.47119763068039217;0.4810423535962684;0.0;0.0;0.0;0.4543679656954753;0.0;0.0;0.0;0.4470410210288676;0.0;0.0;0.0;0.0;0.0;0.0;0.5406920804834829;0.0;0.0;0.4543679656954753;0.5162846399770302;0.29286421195989804;0.4543679656954753;0.0;0.0;0.0;0.0;0.4543679656954753;0.0;0.0;0.0;0.4265198395438698;0.5595184925967758;0.38567248470571763;0.725015039334364;0.0;0.0;0.0;0.0;0.39154771410624284;0.4543679656954753;0.4543679656954753;0.0;0.0;0.3462129877614844;0.4543679656954753;0.0;0.0
GO:0007098;0.0;0.4543679656954753;1.0;0.0;0.44148427237987303;0.4122517233397286;0.4772016191318648;0.0;0.0;0.4603277253281669;0.257732911673192;0.3855773354389354;0.3855773354389354;0.0;0.0;0.22407358170335817;0.3855773354389354;0.4774577405886638;0.0;0.0;0.0;0.0;0.49787201858118535;0.0;0.4722850909347756;0.3855773354389354;0.0;0.0;0.48729165530247903;0.4983434911468811;0.0;0.4024070004238523;0.4122517233397286;0.0;0.0;0.0;0.3855773354389354;0.0;0.0;0.0;0.4009116277617444;0.0;0.0;0.0;0.0;0.0;0.0;0.5635257339198725;0.0;0.0;0.3855773354389354;0.34933943682064933;0.28367981189368235;0.3855773354389354;0.0;0.0;0.0;0.0;0.3855773354389354;0.0;0.0;0.0;0.35772920928732993;0.4907278623402359;0.22407358170335817;0.45706853237040207;0.0;0.0;0.0;0.0;0.5823088040544852;0.3855773354389354;0.4772016191318648;0.0;0.0;0.40599163439878155;0.3855773354389354;0.0;0.0
GO:1902311;0.48628865985547254;0.0;0.0;1.0;0.3053460203569323;0.0;0.2444883596901516;0.31961752420249806;0.46659921402371995;0.0;0.19356510295012747;0.0;0.0;0.2999280783707455;0.3303452562178156;0.19043022385423447;0.0;0.34131948856572314;0.3303452562178156;0.2466134639746554;0.0;0.2634431289595723;0.3617337665582447;0.20714779006106576;0.0;0.0;0.0;0.0;0.0;0.0;0.23395034462272646;0.0;0.27611347131678793;0.26555938836658094;0.37092669389275174;0.2199390760738622;0.24943908341599474;0.36762318111012726;0.0;0.35152933226002486;0.0;0.471603525991594;0.0;0.27611347131678793;0.3303452562178156;0.35975061790360063;0.2466134639746554;0.0;0.23676874105877915;0.2980268524396304;0.24943908341599474;0.0;0.0;0.24943908341599474;0.3512470666990185;0.2536020227599722;0.23395034462272646;0.302520400915593;0.24943908341599474;0.3012690045623941;0.23676874105877915;0.2199390760738622;0.0;0.35458961031729525;0.0;0.0;0.344423292312953;0.5752044559713948;0.3201027960529763;0.2507800096076434;0.0;0.0;0.0;0.0;0.32892350024865324;0.2732878518754486;0.0;0.2590163480298829;0.5099753522611671
GO:0007173;0.402262255292106;0.5102749026364128;0.44148427237987303;0.3053460203569323;1.0;0.46815866028066616;0.44148427237987303;0.4517260468431832;0.36294275309484103;0.42461037857617506;0.3136398486141296;0.44148427237987303;0.44148427237987303;0.38257280946035344;0.5375487478420932;0.2799805186442958;0.44148427237987303;0.6663243406306503;0.5375487478420932;0.3218132092054883;0.0;0.33864287419040523;0.6867386186231719;0.27965008251142687;0.4365677441827838;0.44148427237987303;0.0;0.0;0.5431985922434166;0.5542504280878187;0.31245375814009035;0.4583139373647899;0.6378804923997192;0.3358172547490659;0.45891772513638107;0.29513882130469515;0.6112061044989261;0.4338007233511793;0.0;0.48363785490071004;0.45681856470268195;0.3906083020521317;0.0;0.3587582024063959;0.4624537788585007;0.44239534899320865;0.3218132092054883;0.5278083871678807;0.2955012974410561;0.4188215593119232;0.6112061044989261;0.40524637376158695;0.33958674883462;0.6112061044989261;0.3391281460408835;0.35335989648458965;0.31245375814009035;0.3777201461464259;0.6112061044989261;0.379772418079758;0.3983772710415968;0.2786716324561392;0.41363614622826755;0.7892526563040598;0.2799805186442958;0.5129754693113397;0.427068023402561;0.31233096242597297;0.5099913508418588;0.32928342312500725;0.4054665753523012;0.44148427237987303;0.44148427237987303;0.0;0.4041232454794862;0.3658025339416767;0.44148427237987303;0.3342160932607158;0.48771399296378515
GO:0045445;0.0;0.4810423535962684;0.4122517233397286;0.0;0.46815866028066616;1.0;0.4122517233397286;0.0;0.0;0.3685752749743701;0.2689185607807169;0.4122517233397286;0.5618587625417646;0.0;0.0;0.23525923081088307;0.4122517233397286;0.504132128489457;0.0;0.0;0.0;0.0;0.5245464064819785;0.0;0.38053264058097885;0.4122517233397286;0.0;0.0;0.5139660432032722;0.6746249182497103;0.0;0.42908138832464554;0.4389261112405218;0.0;0.0;0.0;0.4122517233397286;0.0;0.0;0.0;0.404924778673121;0.0;0.0;0.0;0.0;0.0;0.0;0.6131320438869974;0.0;0.0;0.4122517233397286;0.35638376835593016;0.26806290643954656;0.4122517233397286;0.0;0.0;0.0;0.0;0.4122517233397286;0.0;0.0;0.0;0.3844035971881231;0.5174022502410291;0.23525923081088307;0.48374292027119525;0.0;0.0;0.0;0.0;0.3494314717504962;0.4122517233397286;0.4730493605834032;0.0;0.0;0.3040967454057377;0.4122517233397286;0.0;0.0
GO:0007016;0.3249374057767693;0.4543679656954753;0.4772016191318648;0.2444883596901516;0.44148427237987303;0.4122517233397286;1.0;0.37440119732784644;0.28561790357950434;0.6127550988751664;0.33355580601509816;0.3855773354389354;0.3855773354389354;0.30524795994501674;0.4602238983267565;0.2998964760452643;0.3855773354389354;0.4774577405886638;0.4602238983267565;0.2444883596901516;0.34868071089396363;0.26131802467506854;0.49787201858118535;0.20232523299609012;0.6247124644817751;0.46668041174383074;0.3647828881985777;0.4566632933483061;0.48729165530247903;0.4983434911468811;0.2351289086247536;0.4024070004238523;0.4122517233397286;0.25849240523372913;0.3815928756210444;0.2178139717893584;0.3855773354389354;0.37294306268439853;0.3816125531834946;0.40631300538537335;0.3782503907723278;0.31328345253679496;0.39547042701074747;0.2814333528910592;0.4827001723923382;0.3650704994778719;0.2444883596901516;0.5635257339198725;0.2346436367742753;0.43906795284576067;0.3855773354389354;0.3297093804551369;0.3224915948436487;0.3855773354389354;0.2618032965255468;0.27603504696925296;0.2351289086247536;0.30039529663108916;0.3855773354389354;0.3024475685644213;0.32105242152626007;0.2178139717893584;0.43883228559222526;0.4907278623402359;0.20858484291008988;0.45706853237040207;0.34974317388722426;0.25147330175919225;0.432666501326522;0.2519585736096705;0.5936112956512924;0.3855773354389354;0.4772016191318648;0.0;0.32679839596414945;0.36904664119787395;0.3855773354389354;0.2568912437453791;0.41038914344844846
GO:0051090;0.4165337591376717;0.0;0.0;0.31961752420249806;0.4517260468431832;0.0;0.37440119732784644;1.0;0.3772142569404068;0.0;0.2793604491907666;0.0;0.0;0.3968443133059192;0.47672528270406644;0.28799241257586167;0.0;0.48769951505197395;0.47672528270406644;0.33608471305105403;0.0;0.3529143780359709;0.5081137930444956;0.2939215863569925;0.0;0.0;0.0;0.0;0.0;0.0;0.4288503953597455;0.0;0.4224934978030388;0.35008875859463157;0.4731892289819468;0.3094103251502608;0.39581910990224556;0.44807222719674494;0.0;0.6745047301425318;0.0;0.40487980589769734;0.0;0.37302970625196163;0.47672528270406644;0.4566668528387743;0.33608471305105403;0.0;0.30977280128662177;0.5579257010133309;0.39581910990224556;0.0;0.0;0.39581910990224556;0.35339964988644923;0.5060767959437266;0.326725261985656;0.3919916499919916;0.39581910990224556;0.39404392192532367;0.36318498333608534;0.2929431363017048;0.0;0.5009696368035461;0.0;0.0;0.44133952724812664;0.3266024662715387;0.4819715613324954;0.34355492697057294;0.0;0.0;0.0;0.0;0.41839474932505183;0.36275910095184716;0.0;0.3484875971062815;0.5019854968093509
GO:0043304;0.6265394395324377;0.0;0.0;0.46659921402371995;0.36294275309484103;0.0;0.28561790357950434;0.3772142569404068;1.0;0.0;0.2268673277303505;0.0;0.0;0.3575248111086542;0.3879419889557243;0.22601167338918016;0.0;0.583063470339218;0.42838345607165146;0.3568367343352286;0.0;0.4110798842251931;0.4193304992961534;0.31467360764116714;0.0;0.0;0.0;0.0;0.0;0.0;0.5315421799649256;0.0;0.33371020405469665;0.3176080267500826;0.43083854616077766;0.49669356242835727;0.30703581615390346;0.5280512223885445;0.0;0.5119573735384422;0.0;0.6077129880963151;0.0;0.33371020405469665;0.3879419889557243;0.4774188741229489;0.3942502192402762;0.0;0.3469920114193524;0.3537973871354122;0.46852182820007304;0.0;0.0;0.30703581615390346;0.5178574530902829;0.30565066114347383;0.5461573539794344;0.5792748872700881;0.30703581615390346;0.5585017251291573;0.4938931710477618;0.3301623464344354;0.0;0.41218634305520396;0.0;0.0;0.5181201848649963;0.45092291910334403;0.38001464832100224;0.49360634738109677;0.0;0.0;0.0;0.0;0.383216564700031;0.3835111222360218;0.0;0.4066531032955037;0.5564511963045412
GO:0030866;0.0;0.4106915173301167;0.4603277253281669;0.0;0.42461037857617506;0.3685752749743701;0.6127550988751664;0.0;0.0;1.0;0.286453979510954;0.3687034416352375;0.3419008870735769;0.0;0.0;0.2527946495411202;0.3687034416352375;0.4605838467849659;0.0;0.0;0.0;0.0;0.48099812477748743;0.0;0.7842513263486233;0.3419008870735769;0.0;0.0;0.4960489389312965;0.4546670427815226;0.0;0.35873055205849386;0.3953778295360307;0.0;0.0;0.0;0.3687034416352375;0.0;0.0;0.0;0.41684140958670995;0.0;0.0;0.0;0.0;0.0;0.0;0.5466518401161746;0.0;0.0;0.3687034416352375;0.37061551879963633;0.2996095937186479;0.3687034416352375;0.0;0.0;0.0;0.0;0.3687034416352375;0.0;0.0;0.0;0.3468564365506349;0.473853968536538;0.2527946495411202;0.41339208400504357;0.0;0.0;0.0;0.0;0.6190286952025236;0.3687034416352375;0.4603277253281669;0.0;0.0;0.4117789775845002;0.3687034416352375;0.0;0.0
GO:0006878;0.2566992122013501;0.31103480313646353;0.257732911673192;0.19356510295012747;0.3136398486141296;0.2689185607807169;0.33355580601509816;0.2793604491907666;0.2268673277303505;0.286453979510954;1.0;0.257732911673192;0.24224417287992372;0.23700976636959753;0.3168907357677448;0.49971073509241026;0.257732911673192;0.3496133168229204;0.3168907357677448;0.19356510295012747;0.0;0.21039476793504436;0.37002759481544195;0.1579784681236932;0.2984113451175628;0.24224417287992372;0.0;0.0;0.4050421931781956;0.3550103285878694;0.17637833277559978;0.2590738378648407;0.2844072995739852;0.2197542190004425;0.3015878395646369;0.16689071504933428;0.257732911673192;0.3047048691089793;0.0;0.3112722572482934;0.33267343418632506;0.25453287668764113;0.0;0.21319515931563998;0.414461978816919;0.2968323059024527;0.19356510295012747;0.3440570264611997;0.18372038003425123;0.38362104528313784;0.257732911673192;0.2919956377536585;0.21544161831826303;0.257732911673192;0.20305272067639296;0.22511179022922884;0.17637833277559978;0.2494720398910651;0.257732911673192;0.2436969927152674;0.2260116733891802;0.16689071504933428;0.26268846115025;0.3628834385744925;0.18263794268959954;0.3137353698113904;0.28150498031180504;0.20055004501916812;0.28933333876751033;0.19320799776051673;0.26731017628708015;0.257732911673192;0.257732911673192;0.0;0.2758751392241253;0.33744079026560736;0.257732911673192;0.20596798700535496;0.330384107392041
GO:0048246;0.0;0.4543679656954753;0.3855773354389354;0.0;0.44148427237987303;0.4122517233397286;0.3855773354389354;0.0;0.0;0.3687034416352375;0.257732911673192;1.0;0.5300962932170499;0.0;0.0;0.22407358170335817;0.6930230424127137;0.6219766983667783;0.0;0.0;0.0;0.0;0.49787201858118535;0.0;0.3806608072418462;0.5300962932170499;0.0;0.0;0.48729165530247903;0.4983434911468811;0.0;0.6565039315960443;0.4122517233397286;0.0;0.0;0.0;0.3855773354389354;0.0;0.0;0.0;0.4009116277617444;0.0;0.0;0.0;0.0;0.0;0.0;0.4719014502269431;0.0;0.0;0.5300962932170499;0.34933943682064933;0.28367981189368235;0.3855773354389354;0.0;0.0;0.0;0.0;0.3855773354389354;0.0;0.4718309892183743;0.0;0.5022481670654444;0.4907278623402359;0.22407358170335817;0.45706853237040207;0.0;0.0;0.0;0.0;0.3495596384113636;0.6930230424127137;0.3855773354389354;0.535024487935837;0.0;0.29473729434033974;0.6930230424127137;0.0;0.0
GO:0002317;0.0;0.4543679656954753;0.3855773354389354;0.0;0.44148427237987303;0.5618587625417646;0.3855773354389354;0.0;0.0;0.3419008870735769;0.24224417287992372;0.5300962932170499;1.0;0.0;0.0;0.20858484291008988;0.5300962932170499;0.6219766983667783;0.0;0.0;0.0;0.0;0.49787201858118535;0.0;0.3538582526801856;0.6413205309924084;0.0;0.0;0.48729165530247903;0.647950530348917;0.0;0.6157071246467364;0.4122517233397286;0.0;0.0;0.0;0.3855773354389354;0.0;0.0;0.0;0.3782503907723278;0.0;0.0;0.0;0.0;0.0;0.0;0.5864576559862043;0.0;0.0;0.5988774596618195;0.3297093804551369;0.22407358170335817;0.3855773354389354;0.0;0.0;0.0;0.0;0.3855773354389354;0.0;0.5046346648470378;0.0;0.6038330091388775;0.4907278623402359;0.20858484291008988;0.45706853237040207;0.0;0.0;0.0;0.0;0.32275708384970303;0.5300962932170499;0.44637497268261;0.5678281635645004;0.0;0.27742235750494454;0.5300962932170499;0.0;0.0
GO:0010812;0.5059727719294957;0.0;0.0;0.2999280783707455;0.38257280946035344;0.0;0.30524795994501674;0.3968443133059192;0.3575248111086542;0.0;0.23700976636959753;0.0;0.0;1.0;0.48989794938315273;0.2388029594019766;0.0;0.41854627766914426;0.4075720453212367;0.33371020405469665;0.0;0.33322493220421834;0.4616217926510824;0.28972087931850826;0.0;0.0;0.0;0.0;0.0;0.0;0.30703581615390346;0.0;0.35334026042020905;0.3444105813117433;0.45349978315019424;0.3863305395919153;0.32666587251941587;0.4283827813649924;0.0;0.428756121363446;0.0;0.4048204164314572;0.0;0.35334026042020905;0.4075720453212367;0.45963864399643833;0.31639526721930145;0.0;0.29008335545486924;0.3711123239708074;0.32666587251941587;0.0;0.0;0.32666587251941587;0.33371020405469665;0.4249215584062975;0.5696675774046298;0.37230220416023907;0.32666587251941587;0.3939845324590835;0.5019697539564729;0.5047701453370683;0.0;0.43181639942071637;0.0;0.0;0.4443113184057907;0.30691302043978613;0.4026758853104188;0.40316020457683227;0.0;0.0;0.0;0.0;0.5179762007561229;0.36038459195548983;0.0;0.425407811547936;0.4822960509775983
GO:0010977;0.6576972684147724;0.0;0.0;0.3303452562178156;0.5375487478420932;0.0;0.4602238983267565;0.47672528270406644;0.3879419889557243;0.0;0.3168907357677448;0.0;0.0;0.48989794938315273;1.0;0.28323140579791095;0.0;0.5735222160508839;0.7840048260160333;0.4709667195483755;0.0;0.36364211005128844;0.5939364940434055;0.4246622752820699;0.0;0.0;0.0;0.0;0.0;0.0;0.419407407550109;0.0;0.5083161988019488;0.36081649060994914;0.5979287968400213;0.397117661073473;0.4816418109011556;0.4587999592120625;0.0;0.5086370907615932;0.0;0.5451081125490402;0.0;0.49362795653779207;0.5746622960004804;0.46739458485409185;0.34681244506637154;0.0;0.32050053330193934;0.4438207951728065;0.4816418109011556;0.0;0.0;0.4816418109011556;0.36412738190176674;0.43802379941797237;0.397117661073473;0.40271938200730917;0.4816418109011556;0.5113512551617352;0.4233765069024801;0.3036708683170224;0.0;0.5867923378024561;0.0;0.0;0.5586468604845383;0.33733019828685623;0.7564474290157988;0.41394732605838996;0.0;0.0;0.0;0.0;0.5257321416137765;0.4976411074491687;0.0;0.4361949330294937;0.5127132288246684
GO:0071333;0.25849240523372913;0.27737547316662975;0.22407358170335817;0.19043022385423447;0.2799805186442958;0.23525923081088307;0.2998964760452643;0.28799241257586167;0.22601167338918016;0.2527946495411202;0.49971073509241026;0.22407358170335817;0.20858484291008988;0.2388029594019766;0.28323140579791095;1.0;0.22407358170335817;0.31595398685308657;0.28323140579791095;0.19043022385423447;0.0;0.20725988883915142;0.3363682648456081;0.15286144144501296;0.2647520151477289;0.20858484291008988;0.0;0.0;0.3713828632083617;0.32135099861803557;0.17552267843442942;0.22541450789500678;0.25074796960415136;0.2128974435922692;0.3064979066374519;0.1637558359534413;0.22407358170335817;0.3064980621413584;0.0;0.3199042206333886;0.574949451369754;0.2536772223464708;0.0;0.21498835234801905;0.43323638084126104;0.29862549893483176;0.19043022385423447;0.31039769649136584;0.18058550093835818;0.3967766594908317;0.22407358170335817;0.2583363077838246;0.1817822883484292;0.22407358170335817;0.2021970663352226;0.22197691113333584;0.17552267843442942;0.24633716079517204;0.22407358170335817;0.2428413383740971;0.19235234341934632;0.1637558359534413;0.22902913118041618;0.32922410860465867;0.1489786127197657;0.28007603984155655;0.2832981733441841;0.19741516592327513;0.28847768442634;0.19235234341934632;0.2336508463172463;0.22407358170335817;0.22407358170335817;0.36606321395189423;0.2727402601282323;0.32644269728519;0.22407358170335817;0.20283310790946196;0.335294174464856
GO:0048245;0.0;0.4543679656954753;0.3855773354389354;0.0;0.44148427237987303;0.4122517233397286;0.3855773354389354;0.0;0.0;0.3687034416352375;0.257732911673192;0.6930230424127137;0.5300962932170499;0.0;0.0;0.22407358170335817;1.0;0.6219766983667783;0.0;0.0;0.0;0.0;0.49787201858118535;0.0;0.3806608072418462;0.5300962932170499;0.0;0.0;0.48729165530247903;0.4983434911468811;0.0;0.6565039315960443;0.4122517233397286;0.0;0.0;0.0;0.3855773354389354;0.0;0.0;0.0;0.4009116277617444;0.0;0.0;0.0;0.0;0.0;0.0;0.4719014502269431;0.0;0.0;0.5300962932170499;0.34933943682064933;0.28367981189368235;0.3855773354389354;0.0;0.0;0.0;0.0;0.3855773354389354;0.0;0.4718309892183743;0.0;0.5022481670654444;0.4907278623402359;0.22407358170335817;0.45706853237040207;0.0;0.0;0.0;0.0;0.3495596384113636;0.6930230424127137;0.3855773354389354;0.535024487935837;0.0;0.29473729434033974;0.7711775863247551;0.0;0.0
GO:0002758;0.4382357235008968;0.5462483708452037;0.4774577405886638;0.34131948856572314;0.6663243406306503;0.504132128489457;0.4774577405886638;0.48769951505197395;0.583063470339218;0.4605838467849659;0.3496133168229204;0.6219766983667783;0.6219766983667783;0.41854627766914426;0.5735222160508839;0.31595398685308657;0.6219766983667783;1.0;0.6139636831668112;0.3982281445302063;0.0;0.4351563575847756;0.7227120868319626;0.3560650178361448;0.4725412123915746;0.6219766983667783;0.0;0.0;0.5791720604522075;0.5902238962966095;0.5165352928603516;0.6388063633516952;0.6370917915905059;0.37179072295785665;0.4948911933451719;0.4275823929621081;0.6104174036897128;0.644880933887239;0.0;0.5801513382950805;0.4927920329114728;0.4265817702609225;0.0;0.3947316706151867;0.4984272470672915;0.5188102843179265;0.4865273342184386;0.5637818553766715;0.38838342161433;0.454795027520714;0.7357799571423207;0.4412198419703777;0.37556021704341075;0.6104174036897128;0.5365876262958439;0.3893333646933805;0.5181680925911575;0.5101637178038388;0.6104174036897128;0.5772318983347184;0.5762066949310447;0.3715537566294131;0.5941285722151728;0.7155679305910132;0.31595398685308657;0.5489489375201304;0.5595115950599739;0.40521308659924693;0.5459648190506495;0.5123365205866578;0.441440043561092;0.6219766983667783;0.4774577405886638;0.6269048930855654;0.44009671368827696;0.44221746926639466;0.6219766983667783;0.43072957665508615;0.5236874611725759
GO:0010976;0.5371320094235021;0.0;0.0;0.3303452562178156;0.5375487478420932;0.0;0.4602238983267565;0.47672528270406644;0.42838345607165146;0.0;0.3168907357677448;0.0;0.0;0.4075720453212367;0.7840048260160333;0.28323140579791095;0.0;0.6139636831668112;1.0;0.5788363533475844;0.0;0.36364211005128844;0.5939364940434055;0.5253594108851306;0.0;0.0;0.0;0.0;0.0;0.0;0.4826939123848282;0.0;0.5083161988019488;0.36081649060994914;0.5979287968400213;0.32013805716557836;0.4816418109011556;0.4587999592120625;0.0;0.5086370907615932;0.0;0.5451081125490402;0.0;0.49362795653779207;0.5746622960004804;0.5768672277508502;0.42413623324744787;0.0;0.3774091892664225;0.4438207951728065;0.5220832780170828;0.0;0.0;0.4816418109011556;0.42413623324744787;0.3783591323454729;0.33745299400097356;0.40271938200730917;0.4816418109011556;0.6094932962766024;0.4833853582481612;0.3605795242815055;0.0;0.5867923378024561;0.0;0.0;0.5586468604845383;0.39423885425133937;0.7564474290157988;0.3542826589858905;0.0;0.0;0.0;0.0;0.4291224813403694;0.6055107412483776;0.0;0.35921532912159904;0.5127132288246684
GO:0031116;0.48290022452247455;0.0;0.0;0.2466134639746554;0.3218132092054883;0.0;0.2444883596901516;0.33608471305105403;0.3568367343352286;0.0;0.19356510295012747;0.0;0.0;0.33371020405469665;0.4709667195483755;0.19043022385423447;0.0;0.3982281445302063;0.5788363533475844;1.0;0.0;0.2939215863569925;0.41514594860770826;0.6348932451293653;0.0;0.0;0.0;0.0;0.0;0.0;0.34323006044562704;0.0;0.2925806601653439;0.3065847057089215;0.5436970119389937;0.2504175334712824;0.2832212090999459;0.36762318111012726;0.0;0.38531145794397603;0.0;0.4908763276480126;0.0;0.5679296017073547;0.49362795653779207;0.5226354428498226;0.3699044483464202;0.0;0.3231774043653948;0.32998278008145465;0.3063477393804779;0.0;0.0;0.2832212090999459;0.3699044483464202;0.29462734010231273;0.2504175334712824;0.33299885831301324;0.2659062722645507;0.45284001374022365;0.3427447885951488;0.3063477393804779;0.0;0.3710567991658512;0.0;0.0;0.39783547436241656;0.3400070693503117;0.443409322548141;0.2672471984561994;0.0;0.0;0.0;0.0;0.37489069643934175;0.7870160902531746;0.0;0.2894948054273031;0.4358202069342242
GO:0035434;0.0;0.0;0.0;0.0;0.0;0.0;0.34868071089396363;0.0;0.0;0.0;0.0;0.0;0.0;0.0;0.0;0.0;0.0;0.0;0.0;0.0;1.0;0.0;0.0;0.0;0.0;0.3472001377925346;0.30638941753903465;0.4718842185709265;0.0;0.0;0.0;0.0;0.0;0.0;0.0;0.0;0.0;0.0;0.32321908252395154;0.0;0.0;0.0;0.3479713508596329;0.0;0.0;0.0;0.0;0.0;0.0;0.0;0.0;0.0;0.3472001377925346;0.0;0.0;0.0;0.0;0.0;0.0;0.0;0.0;0.0;0.3944469806245216;0.0;0.0;0.0;0.0;0.0;0.0;0.0;0.0;0.0;0.0;0.0;0.0;0.0;0.0;0.0;0.0
GO:1902041;0.3529143780359709;0.0;0.0;0.2634431289595723;0.33864287419040523;0.0;0.26131802467506854;0.3529143780359709;0.4110798842251931;0.0;0.21039476793504436;0.0;0.0;0.33322493220421834;0.36364211005128844;0.20725988883915142;0.0;0.4351563575847756;0.36364211005128844;0.2939215863569925;0.0;1.0;0.41234555722711275;0.2532359299073351;0.0;0.0;0.0;0.0;0.0;0.0;0.32778721364177893;0.0;0.3094103251502608;0.5541674994521486;0.4042235477262246;0.2532359299073351;0.28273593724946766;0.49840504333008734;0.0;0.5735054214804175;0.0;0.360890481161509;0.0;0.3094103251502608;0.36364211005128844;0.41036240857246875;0.44862576898610335;0.0;0.25359840604369605;0.33132370627310326;0.3432759524350472;0.0;0.0;0.28273593724946766;0.2939215863569925;0.2986657190744332;0.3605908892704424;0.3358172547490659;0.28273593724946766;0.3500545971891353;0.270065594892252;0.23676874105877915;0.0;0.3878864641507681;0.0;0.0;0.3950350829818211;0.27042807102861294;0.35339964988644923;0.4387810460702271;0.0;0.0;0.0;0.0;0.6424372743915137;0.32059597425778574;0.0;0.7929245554723456;0.4330198155536287
GO:0007186;0.48131123848283497;0.5666626488377251;0.49787201858118535;0.3617337665582447;0.6867386186231719;0.5245464064819785;0.49787201858118535;0.5081137930444956;0.4193304992961534;0.48099812477748743;0.37002759481544195;0.49787201858118535;0.49787201858118535;0.4616217926510824;0.5939364940434055;0.3363682648456081;0.49787201858118535;0.7227120868319626;0.5939364940434055;0.41514594860770826;0.0;0.41234555722711275;1.0;0.36884150434140267;0.4929554903840962;0.49787201858118535;0.0;0.0;0.599586338444729;0.610638174289131;0.36884150434140267;0.5147016835661022;0.6575060695830275;0.4217050082925108;0.542108025899354;0.36884150434140267;0.6308316816822342;0.4901884695524916;0.0;0.5400256011020224;0.5132063109039944;0.489287341608373;0.0;0.43780718559712484;0.5188415250598131;0.5482468867455981;0.39551589224219585;0.584196133369193;0.35188904364236845;0.4752093055132356;0.6308316816822342;0.4616341199628993;0.3959744950359323;0.6308316816822342;0.39551589224219585;0.409747642685902;0.36884150434140267;0.4514228291831335;0.6308316816822342;0.4784514576359993;0.4547650172429092;0.3350593786574515;0.47002389242957987;0.7359822085835348;0.3363682648456081;0.569363215512652;0.5329195611549504;0.36871870862728534;0.566379097043171;0.3856711693263196;0.46185432155361356;0.49787201858118535;0.49787201858118535;0.0;0.4974559848817061;0.44182033650850144;0.49787201858118535;0.40791877629742335;0.5709042937267581
GO:2000251;0.43356459963226474;0.0;0.0;0.20714779006106576;0.27965008251142687;0.0;0.20232523299609012;0.2939215863569925;0.31467360764116714;0.0;0.1579784681236932;0.0;0.0;0.28972087931850826;0.4246622752820699;0.15286144144501296;0.0;0.3560650178361448;0.5253594108851306;0.6348932451293653;0.0;0.2532359299073351;0.36884150434140267;1.0;0.0;0.0;0.0;0.0;0.0;0.0;0.29924073570943865;0.0;0.2504175334712824;0.2671190317953318;0.49022006947653984;0.209731877021625;0.23923188436375753;0.3254600544160658;0.0;0.3413221332077877;0.0;0.4415407027578028;0.0;0.4455697011374521;0.4442923316475823;0.4691585003873687;0.32591512361023184;0.0;0.2810142776713333;0.2878196533873931;0.2641846126864164;0.0;0.0;0.23923188436375753;0.32591512361023184;0.2551616661887231;0.209731877021625;0.29231320186335574;0.22374314557048924;0.40350438885001394;0.30058166190108726;0.2641846126864164;0.0;0.32889367247178974;0.0;0.0;0.351531030096111;0.29784394265625025;0.39710487828183544;0.22656154200654188;0.0;0.0;0.0;0.0;0.3327275697452803;0.7038589263850874;0.0;0.24880914897764567;0.3895157626679186
GO:0031032;0.0;0.4226488829367255;0.4722850909347756;0.0;0.4365677441827838;0.38053264058097885;0.6247124644817751;0.0;0.0;0.7842513263486233;0.2984113451175628;0.3806608072418462;0.3538582526801856;0.0;0.0;0.2647520151477289;0.3806608072418462;0.4725412123915746;0.0;0.0;0.0;0.0;0.4929554903840962;0.0;1.0;0.3538582526801856;0.0;0.0;0.5080063045379052;0.4666244083881313;0.0;0.37068791766510256;0.40733519514263944;0.0;0.0;0.0;0.3806608072418462;0.0;0.0;0.0;0.4287987751933187;0.0;0.0;0.0;0.0;0.0;0.0;0.5586092057227834;0.0;0.0;0.3806608072418462;0.38257288440624504;0.31156695932525663;0.3806608072418462;0.0;0.0;0.0;0.0;0.3806608072418462;0.0;0.0;0.0;0.3588138021572436;0.48581133414314676;0.2647520151477289;0.4253494496116523;0.0;0.0;0.0;0.0;0.6309860608091323;0.3806608072418462;0.4722850909347756;0.0;0.0;0.4237363431911089;0.3806608072418462;0.0;0.0
GO:0043312;0.0;0.4543679656954753;0.3855773354389354;0.0;0.44148427237987303;0.4122517233397286;0.46668041174383074;0.0;0.0;0.3419008870735769;0.24224417287992372;0.5300962932170499;0.6413205309924084;0.0;0.0;0.20858484291008988;0.5300962932170499;0.6219766983667783;0.0;0.0;0.3472001377925346;0.0;0.49787201858118535;0.0;0.3538582526801856;1.0;0.3421216512091611;0.5861429807393637;0.48729165530247903;0.4983434911468811;0.0;0.6157071246467364;0.4122517233397286;0.0;0.0;0.0;0.3855773354389354;0.0;0.358951316194078;0.0;0.3782503907723278;0.0;0.37584037064523507;0.0;0.0;0.0;0.0;0.4719014502269431;0.0;0.0;0.5988774596618195;0.3297093804551369;0.6398958650854111;0.3855773354389354;0.0;0.0;0.0;0.0;0.3855773354389354;0.0;0.5046346648470378;0.0;0.85085563362276;0.4907278623402359;0.20858484291008988;0.45706853237040207;0.0;0.0;0.0;0.0;0.32275708384970303;0.5300962932170499;0.3855773354389354;0.5678281635645004;0.0;0.27742235750494454;0.5300962932170499;0.0;0.0
GO:0002175;0.0;0.0;0.0;0.0;0.0;0.0;0.3647828881985777;0.0;0.0;0.0;0.0;0.0;0.0;0.0;0.0;0.0;0.0;0.0;0.0;0.0;0.30638941753903465;0.0;0.0;0.0;0.0;0.3421216512091611;1.0;0.3970570631579819;0.0;0.0;0.0;0.0;0.0;0.0;0.0;0.0;0.0;0.0;0.788007251309672;0.0;0.0;0.0;0.5759275092255633;0.0;0.0;0.0;0.0;0.0;0.0;0.0;0.0;0.0;0.27567665066612096;0.0;0.0;0.0;0.0;0.0;0.0;0.0;0.0;0.0;0.3524235008402405;0.0;0.0;0.0;0.0;0.0;0.0;0.0;0.0;0.0;0.0;0.0;0.0;0.0;0.0;0.0;0.0
GO:0006897;0.0;0.0;0.0;0.0;0.0;0.0;0.4566632933483061;0.0;0.0;0.0;0.0;0.0;0.0;0.0;0.0;0.0;0.0;0.0;0.0;0.0;0.4718842185709265;0.0;0.0;0.0;0.0;0.5861429807393637;0.3970570631579819;1.0;0.0;0.0;0.0;0.0;0.0;0.0;0.0;0.0;0.0;0.0;0.4138867281428988;0.0;0.0;0.0;0.4349171001663;0.0;0.0;0.0;0.0;0.0;0.0;0.0;0.0;0.0;0.6129455353010242;0.0;0.0;0.0;0.0;0.0;0.0;0.0;0.0;0.0;0.6601923781330112;0.0;0.0;0.0;0.0;0.0;0.0;0.0;0.0;0.0;0.0;0.0;0.0;0.0;0.0;0.0;0.0
GO:0006139;0.0;0.6881862943188974;0.48729165530247903;0.0;0.5431985922434166;0.5139660432032722;0.48729165530247903;0.0;0.0;0.4960489389312965;0.4050421931781956;0.48729165530247903;0.48729165530247903;0.0;0.0;0.3713828632083617;0.48729165530247903;0.5791720604522075;0.0;0.0;0.0;0.0;0.599586338444729;0.0;0.5080063045379052;0.48729165530247903;0.0;0.0;1.0;0.6000578110104248;0.0;0.504121320287396;0.5139660432032722;0.0;0.0;0.0;0.48729165530247903;0.0;0.0;0.0;0.5354296232539515;0.0;0.0;0.0;0.0;0.0;0.0;0.5736157700904867;0.0;0.0;0.48729165530247903;0.6003851583089215;0.41819780738588946;0.48729165530247903;0.0;0.0;0.0;0.0;0.48729165530247903;0.0;0.0;0.0;0.48507470658338886;0.5924421822037795;0.4697730030376089;0.6908868609938243;0.0;0.0;0.0;0.0;0.4769051357074226;0.48729165530247903;0.48729165530247903;0.0;0.0;0.43874290755881235;0.48729165530247903;0.0;0.0
GO:0030855;0.0;0.5671341214034209;0.4983434911468811;0.0;0.5542504280878187;0.6746249182497103;0.4983434911468811;0.0;0.0;0.4546670427815226;0.3550103285878694;0.4983434911468811;0.647950530348917;0.0;0.0;0.32135099861803557;0.4983434911468811;0.5902238962966095;0.0;0.0;0.0;0.0;0.610638174289131;0.0;0.4666244083881313;0.4983434911468811;0.0;0.0;0.6000578110104248;1.0;0.0;0.515173156131798;0.5250178790476743;0.0;0.0;0.0;0.4983434911468811;0.0;0.0;0.0;0.4910165464802735;0.0;0.0;0.0;0.0;0.0;0.0;0.6992238116941498;0.0;0.0;0.4983434911468811;0.4424755361630826;0.35415467424669905;0.4983434911468811;0.0;0.0;0.0;0.0;0.4983434911468811;0.0;0.0;0.0;0.4704953649952756;0.6034940180481816;0.32135099861803557;0.5698346880783478;0.0;0.0;0.0;0.0;0.4355232395576487;0.4983434911468811;0.5591411283905556;0.0;0.0;0.3901885132128902;0.4983434911468811;0.0;0.0
GO:0048298;0.326725261985656;0.0;0.0;0.23395034462272646;0.31245375814009035;0.0;0.2351289086247536;0.4288503953597455;0.5315421799649256;0.0;0.17637833277559978;0.0;0.0;0.30703581615390346;0.419407407550109;0.17552267843442942;0.0;0.5165352928603516;0.4826939123848282;0.34323006044562704;0.0;0.32778721364177893;0.36884150434140267;0.29924073570943865;0.0;0.0;0.0;0.0;0.0;0.0;1.0;0.0;0.2832212090999459;0.2671190317953318;0.3803495512060269;0.45521502817199155;0.25654682119915273;0.4352709340788648;0.0;0.41917708522876246;0.0;0.3173864282757989;0.0;0.2832212090999459;0.42504364083279744;0.4691585003873687;0.3946469290687102;0.0;0.3138179532999968;0.40543352555475093;0.4246548877106232;0.0;0.0;0.25654682119915273;0.4447072211461155;0.3341509435957534;0.43558497180647915;0.5377963530137223;0.25654682119915273;0.5348152847360672;0.5457528461914124;0.2969882883150799;0.0;0.36169734810045323;0.0;0.0;0.4902924268996621;0.33064761828491374;0.43414130390480354;0.3835111222360218;0.0;0.0;0.0;0.0;0.3327275697452803;0.3699044483464202;0.0;0.3233604327120895;0.409145819033431
GO:0002522;0.0;0.47119763068039217;0.4024070004238523;0.0;0.4583139373647899;0.42908138832464554;0.4024070004238523;0.0;0.0;0.35873055205849386;0.2590738378648407;0.6565039315960443;0.6157071246467364;0.0;0.0;0.22541450789500678;0.6565039315960443;0.6388063633516952;0.0;0.0;0.0;0.0;0.5147016835661022;0.0;0.37068791766510256;0.6157071246467364;0.0;0.0;0.504121320287396;0.515173156131798;0.0;1.0;0.42908138832464554;0.0;0.0;0.0;0.4024070004238523;0.0;0.0;0.0;0.39508005575724475;0.0;0.0;0.0;0.0;0.0;0.0;0.48873111521186;0.0;0.0;0.6157071246467364;0.34653904544005387;0.24090324668827506;0.4024070004238523;0.0;0.0;0.0;0.0;0.4024070004238523;0.0;0.5214643298319548;0.0;0.6629539674787234;0.5075575273251529;0.22541450789500678;0.47389819735531896;0.0;0.0;0.0;0.0;0.33958674883462;0.6565039315960443;0.4024070004238523;0.5846578285494174;0.0;0.29425202248986143;0.6565039315960443;0.0;0.0
GO:0033209;0.37302970625196163;0.4810423535962684;0.4122517233397286;0.27611347131678793;0.6378804923997192;0.4389261112405218;0.4122517233397286;0.4224934978030388;0.33371020405469665;0.3953778295360307;0.2844072995739852;0.4122517233397286;0.4122517233397286;0.35334026042020905;0.5083161988019488;0.25074796960415136;0.4122517233397286;0.6370917915905059;0.5083161988019488;0.2925806601653439;0.0;0.3094103251502608;0.6575060695830275;0.2504175334712824;0.40733519514263944;0.4122517233397286;0.0;0.0;0.5139660432032722;0.5250178790476743;0.2832212090999459;0.42908138832464554;1.0;0.3065847057089215;0.4296851760962367;0.2659062722645507;0.5819735554587817;0.40456817431103487;0.0;0.4544053058605656;0.42758601566253757;0.36137575301198727;0.0;0.3295256533662515;0.4332212298183563;0.4131627999530642;0.2925806601653439;0.49857583812773626;0.2662687484009117;0.38958901027177884;0.5819735554587817;0.37601382472144257;0.31035419979447554;0.5819735554587817;0.3098955970007391;0.32412734744444527;0.2832212090999459;0.3484875971062815;0.6671648106719963;0.35053986903961354;0.36914472200145243;0.24943908341599474;0.3844035971881231;0.6871240823600822;0.25074796960415136;0.48374292027119525;0.39783547436241656;0.2830984133858286;0.4807588018017143;0.30005087408486286;0.3762340263121568;0.4122517233397286;0.4122517233397286;0.0;0.37489069643934175;0.3365699849015323;0.4122517233397286;0.3049835442205714;0.45848144392364076
GO:0070232;0.3641000271434958;0.0;0.0;0.26555938836658094;0.3358172547490659;0.0;0.25849240523372913;0.35008875859463157;0.3176080267500826;0.0;0.2197542190004425;0.0;0.0;0.3444105813117433;0.36081649060994914;0.2128974435922692;0.0;0.37179072295785665;0.36081649060994914;0.3065847057089215;0.0;0.5541674994521486;0.4217050082925108;0.2671190317953318;0.0;0.0;0.0;0.0;0.0;0.0;0.2671190317953318;0.0;0.3065847057089215;1.0;0.41358299879162264;0.2671190317953318;0.2939215863569925;0.3816272266537048;0.0;0.3960118352010227;0.0;0.37207613026903386;0.0;0.32059597425778574;0.3748277591588134;0.4197218596378667;0.29379341969612505;0.0;0.25571466545070465;0.3439868256250322;0.27991031780812825;0.0;0.0;0.2939215863569925;0.29379341969612505;0.3135732644942383;0.2671190317953318;0.3497003566370626;0.27991031780812825;0.3612402462966602;0.2721818542992606;0.2388850004657877;0.0;0.3850608447094288;0.0;0.0;0.40439453404721903;0.2725443304356216;0.34727036215857887;0.28394869678024875;0.0;0.0;0.0;0.0;0.6691116622923068;0.3332590936097146;0.0;0.5497407185224592;0.4423792666190267
GO:0001558;0.6200047404533673;0.0;0.0;0.37092669389275174;0.45891772513638107;0.0;0.3815928756210444;0.4731892289819468;0.43083854616077766;0.0;0.3015878395646369;0.0;0.0;0.45349978315019424;0.5979287968400213;0.3064979066374519;0.0;0.4948911933451719;0.5979287968400213;0.5436970119389937;0.0;0.4042235477262246;0.542108025899354;0.49022006947653984;0.0;0.0;0.0;0.0;0.0;0.0;0.3803495512060269;0.0;0.4296851760962367;0.41358299879162264;1.0;0.3607194948405145;0.4030107881954435;0.50472769704102;0.0;0.5051010370394736;0.0;0.6279808435789053;0.0;0.576500687567657;0.6307324724686847;0.54012487724471;0.3873938827413077;0.0;0.3610819709768755;0.44442605902293086;0.4030107881954435;0.0;0.0;0.4030107881954435;0.4070239391068201;0.4016256331850139;0.3803495512060269;0.44330081968224533;0.4030107881954435;0.47032944813511113;0.37754915982543147;0.34425230599195855;0.0;0.508161315096744;0.0;0.0;0.5247975516540624;0.3779116359617924;0.7876723484246473;0.3971792161909439;0.0;0.0;0.0;0.0;0.48933397538081796;0.5703713998397868;0.0;0.3997967667965352;0.56278228422587
GO:2000521;0.40601998542366785;0.0;0.0;0.2199390760738622;0.29513882130469515;0.0;0.2178139717893584;0.3094103251502608;0.49669356242835727;0.0;0.16689071504933428;0.0;0.0;0.3863305395919153;0.397117661073473;0.1637558359534413;0.0;0.4275823929621081;0.32013805716557836;0.2504175334712824;0.0;0.2532359299073351;0.36884150434140267;0.209731877021625;0.0;0.0;0.0;0.0;0.0;0.0;0.45521502817199155;0.0;0.2659062722645507;0.2671190317953318;0.3607194948405145;1.0;0.23923188436375753;0.3409487932093341;0.0;0.3413221332077877;0.0;0.3173864282757989;0.0;0.2659062722645507;0.32013805716557836;0.3668583556867586;0.23640626492241817;0.0;0.2100943531579859;0.2878196533873931;0.3357019878123797;0.0;0.0;0.23923188436375753;0.3796913125485681;0.34162888782288325;0.5942489730904909;0.5872601445647995;0.23923188436375753;0.4203355845874426;0.494705930146325;0.19326468817306902;0.0;0.34438241126505803;0.0;0.0;0.46763118991024555;0.22692401814290286;0.3098955970007391;0.4696650034725489;0.0;0.0;0.0;0.0;0.4251959124464432;0.2770919213720756;0.0;0.33797382339227766;0.3895157626679186
GO:0031663;0.3463553183511684;0.4543679656954753;0.3855773354389354;0.24943908341599474;0.6112061044989261;0.4122517233397286;0.3855773354389354;0.39581910990224556;0.30703581615390346;0.3687034416352375;0.257732911673192;0.3855773354389354;0.3855773354389354;0.32666587251941587;0.4816418109011556;0.22407358170335817;0.3855773354389354;0.6104174036897128;0.4816418109011556;0.2832212090999459;0.0;0.28273593724946766;0.6308316816822342;0.23923188436375753;0.3806608072418462;0.3855773354389354;0.0;0.0;0.48729165530247903;0.4983434911468811;0.25654682119915273;0.4024070004238523;0.5819735554587817;0.2939215863569925;0.4030107881954435;0.23923188436375753;1.0;0.3778937864102417;0.0;0.42773091795977247;0.4009116277617444;0.3543314214767065;0.0;0.3028512654654583;0.40654684191756313;0.4091496490416876;0.2659062722645507;0.4719014502269431;0.23959436050011845;0.3629146223709856;0.5552991675579886;0.34933943682064933;0.28367981189368235;0.5552991675579886;0.2832212090999459;0.2974529595436521;0.25654682119915273;0.3218132092054883;0.5552991675579886;0.3434955375043328;0.3424703341006592;0.22276469551520156;0.35772920928732993;0.660449694459289;0.22407358170335817;0.45706853237040207;0.39382232345103996;0.2564240254850354;0.45408441390092114;0.2733764861840696;0.3495596384113636;0.3855773354389354;0.3855773354389354;0.0;0.36553124537394377;0.3098955970007391;0.3855773354389354;0.2783091563197782;0.4318070560228476
GO:0050727;0.44807222719674494;0.0;0.0;0.36762318111012726;0.4338007233511793;0.0;0.37294306268439853;0.44807222719674494;0.5280512223885445;0.0;0.3047048691089793;0.0;0.0;0.4283827813649924;0.4587999592120625;0.3064980621413584;0.0;0.644880933887239;0.4587999592120625;0.36762318111012726;0.0;0.49840504333008734;0.4901884695524916;0.3254600544160658;0.0;0.0;0.0;0.0;0.0;0.0;0.4352709340788648;0.0;0.40456817431103487;0.3816272266537048;0.50472769704102;0.3409487932093341;0.3778937864102417;1.0;0.0;0.6064550308394845;0.0;0.43641827395677063;0.0;0.40456817431103487;0.4587999592120625;0.48820532089784757;0.4815753783451704;0.0;0.35777845819425097;0.42234023786163316;0.4549009904443772;0.0;0.0;0.3778937864102417;0.38493811794552246;0.3696698610470961;0.4775622274337938;0.42353011805106483;0.3778937864102417;0.42558238998439696;0.35777845819425097;0.3409487932093341;0.0;0.4830443133115422;0.0;0.0;0.4728779953071999;0.3746081231791679;0.45390379920124463;0.4717306554292941;0.0;0.0;0.0;0.0;0.4499332173841251;0.39429756901092045;0.0;0.4939782624003979;0.5335239648684241
GO:0071205;0.0;0.0;0.0;0.0;0.0;0.0;0.3816125531834946;0.0;0.0;0.0;0.0;0.0;0.0;0.0;0.0;0.0;0.0;0.0;0.0;0.0;0.32321908252395154;0.0;0.0;0.0;0.0;0.358951316194078;0.788007251309672;0.4138867281428988;0.0;0.0;0.0;0.0;0.0;0.0;0.0;0.0;0.0;0.0;1.0;0.0;0.0;0.0;0.5927571742104802;0.0;0.0;0.0;0.0;0.0;0.0;0.0;0.0;0.0;0.29250631565103785;0.0;0.0;0.0;0.0;0.0;0.0;0.0;0.0;0.0;0.3692531658251574;0.0;0.0;0.0;0.0;0.0;0.0;0.0;0.0;0.0;0.0;0.0;0.0;0.0;0.0;0.0;0.0
GO:0010469;0.44844556719519857;0.0;0.0;0.35152933226002486;0.48363785490071004;0.0;0.40631300538537335;0.6745047301425318;0.5119573735384422;0.0;0.3112722572482934;0.0;0.0;0.428756121363446;0.5086370907615932;0.3199042206333886;0.0;0.5801513382950805;0.5086370907615932;0.38531145794397603;0.0;0.5735054214804175;0.5400256011020224;0.3413221332077877;0.0;0.0;0.0;0.0;0.0;0.0;0.41917708522876246;0.0;0.4544053058605656;0.3960118352010227;0.5051010370394736;0.3413221332077877;0.42773091795977247;0.6064550308394845;0.0;1.0;0.0;0.45642167032073666;0.0;0.40494151430948844;0.5086370907615932;0.5112398978857178;0.5566757564955005;0.0;0.3416846093441486;0.46500487121501577;0.488270933145352;0.0;0.0;0.42773091795977247;0.38531145794397603;0.5379886040012534;0.46146837858369144;0.42390345804951846;0.42773091795977247;0.44558578634836293;0.3950967913936122;0.32485494435923173;0.0;0.5328814448610729;0.0;0.0;0.49591257229507013;0.3585142743290655;0.5138833693900223;0.5468310335796243;0.0;0.0;0.0;0.0;0.46762149421797394;0.41198584584476927;0.0;0.569078640550728;0.5338973048668777
GO:0071407;0.0;0.4470410210288676;0.4009116277617444;0.0;0.45681856470268195;0.404924778673121;0.3782503907723278;0.0;0.0;0.41684140958670995;0.33267343418632506;0.4009116277617444;0.3782503907723278;0.0;0.0;0.574949451369754;0.4009116277617444;0.4927920329114728;0.0;0.0;0.0;0.0;0.5132063109039944;0.0;0.4287987751933187;0.3782503907723278;0.0;0.0;0.5354296232539515;0.4910165464802735;0.0;0.39508005575724475;0.42758601566253757;0.0;0.0;0.0;0.4009116277617444;0.0;0.0;0.0;1.0;0.0;0.0;0.0;0.0;0.0;0.0;0.48723574254975205;0.0;0.0;0.4009116277617444;0.4141375206945355;0.3413053975714202;0.4009116277617444;0.0;0.0;0.0;0.0;0.4009116277617444;0.0;0.0;0.0;0.3885522404034072;0.5060621546630448;0.2990141042164912;0.44974158770379447;0.0;0.0;0.0;0.0;0.3976976063628361;0.4009116277617444;0.4009116277617444;0.5357287618141322;0.0;0.36515416603087403;0.4009116277617444;0.0;0.0
GO:0050764;0.7819293105102201;0.0;0.0;0.471603525991594;0.3906083020521317;0.0;0.31328345253679496;0.40487980589769734;0.6077129880963151;0.0;0.25453287668764113;0.0;0.0;0.4048204164314572;0.5451081125490402;0.2536772223464708;0.0;0.4265817702609225;0.5451081125490402;0.4908763276480126;0.0;0.360890481161509;0.489287341608373;0.4415407027578028;0.0;0.0;0.0;0.0;0.0;0.0;0.3173864282757989;0.0;0.36137575301198727;0.37207613026903386;0.6279808435789053;0.3173864282757989;0.3543314214767065;0.43641827395677063;0.0;0.45642167032073666;0.0;1.0;0.0;0.5176788822096732;0.5719106671107008;0.48730419295372895;0.34406081617659207;0.0;0.3022601656188915;0.39877787292809797;0.3347013651111941;0.0;0.0;0.3543314214767065;0.41821596150353496;0.36011876466242515;0.3173864282757989;0.39996775311752963;0.3347013651111941;0.42165008141637417;0.3187273544674475;0.2854305006339746;0.0;0.4398518920124946;0.0;0.0;0.4719768673630813;0.45895841169512225;0.5175507155488057;0.3342160932607158;0.0;0.0;0.0;0.0;0.4436857892859851;0.5175507155488057;0.0;0.35646370023181956;0.5841167452618319
GO:0072659;0.0;0.0;0.0;0.0;0.0;0.0;0.39547042701074747;0.0;0.0;0.0;0.0;0.0;0.0;0.0;0.0;0.0;0.0;0.0;0.0;0.0;0.3479713508596329;0.0;0.0;0.0;0.0;0.37584037064523507;0.5759275092255633;0.4349171001663;0.0;0.0;0.0;0.0;0.0;0.0;0.0;0.0;0.0;0.0;0.5927571742104802;0.0;0.0;0.0;1.0;0.0;0.0;0.0;0.0;0.0;0.0;0.0;0.0;0.0;0.3162341404549109;0.0;0.0;0.0;0.0;0.0;0.0;0.0;0.0;0.0;0.39028353784855857;0.0;0.0;0.0;0.0;0.0;0.0;0.0;0.0;0.0;0.0;0.0;0.0;0.0;0.0;0.0;0.0
GO:0071801;0.5097027790841351;0.0;0.0;0.27611347131678793;0.3587582024063959;0.0;0.2814333528910592;0.37302970625196163;0.33371020405469665;0.0;0.21319515931563998;0.0;0.0;0.35334026042020905;0.49362795653779207;0.21498835234801905;0.0;0.3947316706151867;0.49362795653779207;0.5679296017073547;0.0;0.3094103251502608;0.43780718559712484;0.4455697011374521;0.0;0.0;0.0;0.0;0.0;0.0;0.2832212090999459;0.0;0.3295256533662515;0.32059597425778574;0.576500687567657;0.2659062722645507;0.3028512654654583;0.40456817431103487;0.0;0.40494151430948844;0.0;0.5176788822096732;0.0;1.0;0.5204305110994527;0.4358240369424808;0.2925806601653439;0.0;0.2662687484009117;0.34729771691684985;0.3028512654654583;0.0;0.0;0.3028512654654583;0.3098955970007391;0.308638608651177;0.2832212090999459;0.3484875971062815;0.3028512654654583;0.37016992540512594;0.28273593724946766;0.24943908341599474;0.0;0.4080017923667588;0.0;0.0;0.42049671135183314;0.2830984133858286;0.4660705595375576;0.30005087408486286;0.0;0.0;0.0;0.0;0.39220563327473695;0.594603989608148;0.0;0.3049835442205714;0.45848144392364076
GO:0008360;0.5639345639851627;0.0;0.0;0.3303452562178156;0.4624537788585007;0.0;0.4827001723923382;0.47672528270406644;0.3879419889557243;0.0;0.414461978816919;0.0;0.0;0.4075720453212367;0.5746622960004804;0.43323638084126104;0.0;0.4984272470672915;0.5746622960004804;0.49362795653779207;0.0;0.36364211005128844;0.5188415250598131;0.4442923316475823;0.0;0.0;0.0;0.0;0.0;0.0;0.42504364083279744;0.0;0.4332212298183563;0.3748277591588134;0.6307324724686847;0.32013805716557836;0.40654684191756313;0.4587999592120625;0.0;0.5086370907615932;0.0;0.5719106671107008;0.0;0.5204305110994527;1.0;0.49005582184350843;0.34681244506637154;0.0;0.32050053330193934;0.5795803558379056;0.40654684191756313;0.0;0.0;0.40654684191756313;0.36412738190176674;0.3783591323454729;0.33745299400097356;0.40271938200730917;0.40654684191756313;0.49236230077246507;0.3739127153514029;0.3036708683170224;0.0;0.5116973688188636;0.0;0.0;0.5426890867191723;0.33733019828685623;0.6967795149573299;0.3542826589858905;0.0;0.0;0.0;0.0;0.4464374181757646;0.5203023444385853;0.0;0.35921532912159904;0.5127132288246684
GO:0008284;0.47932808982819086;0.0;0.0;0.35975061790360063;0.44239534899320865;0.0;0.3650704994778719;0.4566668528387743;0.4774188741229489;0.0;0.2968323059024527;0.0;0.0;0.45963864399643833;0.46739458485409185;0.29862549893483176;0.0;0.5188102843179265;0.5768672277508502;0.5226354428498226;0.0;0.41036240857246875;0.5482468867455981;0.4691585003873687;0.0;0.0;0.0;0.0;0.0;0.0;0.4691585003873687;0.0;0.4131627999530642;0.4197218596378667;0.54012487724471;0.3668583556867586;0.4091496490416876;0.48820532089784757;0.0;0.5112398978857178;0.0;0.48730419295372895;0.0;0.4358240369424808;0.49005582184350843;1.0;0.4958328882881619;0.0;0.4437595441531151;0.4505649198691749;0.4269298791681982;0.0;0.0;0.4091496490416876;0.4958328882881619;0.407764494031258;0.3668583556867586;0.6548357802124936;0.386488412052271;0.5960833905173605;0.46332692838286904;0.4269298791681982;0.0;0.4916389389535715;0.0;0.0;0.5309364125003064;0.46058920913803203;0.46249842484327397;0.3836880206716755;0.0;0.0;0.0;0.0;0.49547283622706206;0.5493098307506157;0.0;0.4059356276427793;0.5689211450721141
GO:0043123;0.33608471305105403;0.0;0.0;0.2466134639746554;0.3218132092054883;0.0;0.2444883596901516;0.33608471305105403;0.3942502192402762;0.0;0.19356510295012747;0.0;0.0;0.31639526721930145;0.34681244506637154;0.19043022385423447;0.0;0.4865273342184386;0.42413623324744787;0.3699044483464202;0.0;0.44862576898610335;0.39551589224219585;0.32591512361023184;0.0;0.0;0.0;0.0;0.0;0.0;0.3946469290687102;0.0;0.2925806601653439;0.29379341969612505;0.3873938827413077;0.23640626492241817;0.2659062722645507;0.4815753783451704;0.0;0.5566757564955005;0.0;0.34406081617659207;0.0;0.2925806601653439;0.34681244506637154;0.4958328882881619;1.0;0.0;0.3231774043653948;0.31449404128818637;0.377331992233315;0.0;0.0;0.2659062722645507;0.3699044483464202;0.2818360540895163;0.34376122428552547;0.318987589764149;0.2659062722645507;0.43017877675080707;0.3272560498018805;0.3063477393804779;0.0;0.3710567991658512;0.0;0.0;0.37820541799690416;0.3400070693503117;0.3365699849015323;0.4219513810853102;0.0;0.0;0.0;0.0;0.35940195764607347;0.3965788362472134;0.0;0.44419898805641395;0.4161901505687118
GO:0048812;0.0;0.5406920804834829;0.5635257339198725;0.0;0.5278083871678807;0.6131320438869974;0.5635257339198725;0.0;0.0;0.5466518401161746;0.3440570264611997;0.4719014502269431;0.5864576559862043;0.0;0.0;0.31039769649136584;0.4719014502269431;0.5637818553766715;0.0;0.0;0.0;0.0;0.584196133369193;0.0;0.5586092057227834;0.4719014502269431;0.0;0.0;0.5736157700904867;0.6992238116941498;0.0;0.48873111521186;0.49857583812773626;0.0;0.0;0.0;0.4719014502269431;0.0;0.0;0.0;0.48723574254975205;0.0;0.0;0.0;0.0;0.0;0.0;1.0;0.0;0.0;0.4719014502269431;0.43566355160865705;0.37000392668169;0.4719014502269431;0.0;0.0;0.0;0.0;0.4719014502269431;0.0;0.0;0.0;0.4440533240753376;0.5770519771282436;0.31039769649136584;0.5433926471584097;0.0;0.0;0.0;0.0;0.5275080368923006;0.4719014502269431;0.5635257339198725;0.0;0.0;0.4923157491867892;0.4719014502269431;0.0;0.0
GO:0046598;0.30977280128662177;0.0;0.0;0.23676874105877915;0.2955012974410561;0.0;0.2346436367742753;0.30977280128662177;0.3469920114193524;0.0;0.18372038003425123;0.0;0.0;0.29008335545486924;0.32050053330193934;0.18058550093835818;0.0;0.38838342161433;0.3774091892664225;0.3231774043653948;0.0;0.25359840604369605;0.35188904364236845;0.2810142776713333;0.0;0.0;0.0;0.0;0.0;0.0;0.3138179532999968;0.0;0.2662687484009117;0.25571466545070465;0.3610819709768755;0.2100943531579859;0.23959436050011845;0.35777845819425097;0.0;0.3416846093441486;0.0;0.3022601656188915;0.0;0.2662687484009117;0.32050053330193934;0.4437595441531151;0.3231774043653948;0.0;1.0;0.2881821295237541;0.2965030164646016;0.0;0.0;0.23959436050011845;0.34049234120079;0.24375729984409594;0.22410562170685017;0.2926756779997167;0.23959436050011845;0.38113661323966447;0.29784394265625025;0.2965030164646016;0.0;0.344744887401419;0.0;0.0;0.3345785693970767;0.3301623464344355;0.3102580731371;0.24093528669176711;0.0;0.0;0.0;0.0;0.31907877733277695;0.34985179226618796;0.0;0.24917162511400665;0.3898782388042796
GO:0043488;0.39080176980255993;0.0;0.0;0.2980268524396304;0.4188215593119232;0.0;0.43906795284576067;0.5579257010133309;0.3537973871354122;0.0;0.38362104528313784;0.0;0.0;0.3711123239708074;0.4438207951728065;0.3967766594908317;0.0;0.454795027520714;0.4438207951728065;0.32998278008145465;0.0;0.33132370627310326;0.4752093055132356;0.2878196533873931;0.0;0.0;0.0;0.0;0.0;0.0;0.40543352555475093;0.0;0.38958901027177884;0.3439868256250322;0.44442605902293086;0.2878196533873931;0.3629146223709856;0.42234023786163316;0.0;0.46500487121501577;0.0;0.39877787292809797;0.0;0.34729771691684985;0.5795803558379056;0.4505649198691749;0.31449404128818637;0.0;0.2881821295237541;1.0;0.3629146223709856;0.0;0.0;0.3629146223709856;0.32998278008145465;0.4277274587547899;0.3033083921806614;0.37040097822912393;0.3629146223709856;0.3879419889557243;0.33745299400097356;0.27135246453883716;0.0;0.46806514927228615;0.0;0.0;0.43523759427852726;0.30501179450867105;0.44306595273423255;0.32013805716557836;0.0;0.0;0.0;0.0;0.41229281635545245;0.43281049845702285;0.0;0.32689692534341386;0.47322232685033494
GO:0038096;0.3463553183511684;0.4543679656954753;0.3855773354389354;0.24943908341599474;0.6112061044989261;0.4122517233397286;0.3855773354389354;0.39581910990224556;0.46852182820007304;0.3687034416352375;0.257732911673192;0.5300962932170499;0.5988774596618195;0.32666587251941587;0.4816418109011556;0.22407358170335817;0.5300962932170499;0.7357799571423207;0.5220832780170828;0.3063477393804779;0.0;0.3432759524350472;0.6308316816822342;0.2641846126864164;0.3806608072418462;0.5988774596618195;0.0;0.0;0.48729165530247903;0.4983434911468811;0.4246548877106232;0.6157071246467364;0.5819735554587817;0.27991031780812825;0.4030107881954435;0.3357019878123797;0.5552991675579886;0.4549009904443772;0.0;0.488270933145352;0.4009116277617444;0.3347013651111941;0.0;0.3028512654654583;0.40654684191756313;0.4269298791681982;0.377331992233315;0.4719014502269431;0.2965030164646016;0.3629146223709856;1.0;0.34933943682064933;0.28367981189368235;0.5552991675579886;0.4250771647806031;0.2974529595436521;0.4036264504520125;0.41828331265411045;0.5552991675579886;0.4657214368194776;0.48432628978131637;0.2796733514796847;0.6038330091388775;0.660449694459289;0.22407358170335817;0.45706853237040207;0.46763118991024555;0.31333268144951854;0.45408441390092114;0.400826059071417;0.3495596384113636;0.5300962932170499;0.3855773354389354;0.535024487935837;0.34821630853854857;0.35033706411666626;0.5300962932170499;0.33884917150535776;0.4318070560228476
GO:0043687;0.0;0.5162846399770302;0.34933943682064933;0.0;0.40524637376158695;0.35638376835593016;0.3297093804551369;0.0;0.0;0.37061551879963633;0.2919956377536585;0.34933943682064933;0.3297093804551369;0.0;0.0;0.2583363077838246;0.34933943682064933;0.4412198419703777;0.0;0.0;0.0;0.0;0.4616341199628993;0.0;0.38257288440624504;0.3297093804551369;0.0;0.0;0.6003851583089215;0.4424755361630826;0.0;0.34653904544005387;0.37601382472144257;0.0;0.0;0.0;0.34933943682064933;0.0;0.0;0.0;0.4141375206945355;0.0;0.0;0.0;0.0;0.0;0.0;0.43566355160865705;0.0;0.0;0.34933943682064933;1.0;0.29690570482647344;0.34933943682064933;0.0;0.0;0.0;0.0;0.34933943682064933;0.0;0.0;0.0;0.34415254765846043;0.4544899637219499;0.5211278078489379;0.5189852066519569;0.0;0.0;0.0;0.0;0.35147171557576246;0.34933943682064933;0.34933943682064933;0.0;0.0;0.3234519260663991;0.34933943682064933;0.0;0.0
GO:0002576;0.0;0.29286421195989804;0.28367981189368235;0.0;0.33958674883462;0.26806290643954656;0.3224915948436487;0.0;0.0;0.2996095937186479;0.21544161831826303;0.28367981189368235;0.22407358170335817;0.0;0.0;0.1817822883484292;0.28367981189368235;0.37556021704341075;0.0;0.0;0.3472001377925346;0.0;0.3959744950359323;0.0;0.31156695932525663;0.6398958650854111;0.27567665066612096;0.6129455353010242;0.41819780738588946;0.35415467424669905;0.0;0.24090324668827506;0.31035419979447554;0.0;0.0;0.0;0.28367981189368235;0.0;0.29250631565103785;0.0;0.3413053975714202;0.0;0.3162341404549109;0.0;0.0;0.0;0.0;0.37000392668169;0.0;0.0;0.28367981189368235;0.29690570482647344;1.0;0.28367981189368235;0.0;0.0;0.0;0.0;0.28367981189368235;0.0;0.0;0.0;0.729434001272327;0.38883033879498285;0.1817822883484292;0.29556477863482483;0.0;0.0;0.0;0.0;0.28046579049477405;0.28367981189368235;0.28367981189368235;0.0;0.0;0.247922350162812;0.28367981189368235;0.0;0.0
GO:0007229;0.3463553183511684;0.4543679656954753;0.3855773354389354;0.24943908341599474;0.6112061044989261;0.4122517233397286;0.3855773354389354;0.39581910990224556;0.30703581615390346;0.3687034416352375;0.257732911673192;0.3855773354389354;0.3855773354389354;0.32666587251941587;0.4816418109011556;0.22407358170335817;0.3855773354389354;0.6104174036897128;0.4816418109011556;0.2832212090999459;0.0;0.28273593724946766;0.6308316816822342;0.23923188436375753;0.3806608072418462;0.3855773354389354;0.0;0.0;0.48729165530247903;0.4983434911468811;0.25654682119915273;0.4024070004238523;0.5819735554587817;0.2939215863569925;0.4030107881954435;0.23923188436375753;0.5552991675579886;0.3778937864102417;0.0;0.42773091795977247;0.4009116277617444;0.3543314214767065;0.0;0.3028512654654583;0.40654684191756313;0.4091496490416876;0.2659062722645507;0.4719014502269431;0.23959436050011845;0.3629146223709856;0.5552991675579886;0.34933943682064933;0.28367981189368235;1.0;0.2832212090999459;0.2974529595436521;0.25654682119915273;0.3218132092054883;0.5552991675579886;0.3434955375043328;0.3424703341006592;0.22276469551520156;0.35772920928732993;0.660449694459289;0.22407358170335817;0.45706853237040207;0.39382232345103996;0.2564240254850354;0.45408441390092114;0.2733764861840696;0.3495596384113636;0.3855773354389354;0.3855773354389354;0.0;0.36553124537394377;0.3098955970007391;0.3855773354389354;0.2783091563197782;0.4318070560228476
GO:0071677;0.4275547952133921;0.0;0.0;0.3512470666990185;0.3391281460408835;0.0;0.2618032965255468;0.35339964988644923;0.5178574530902829;0.0;0.20305272067639296;0.0;0.0;0.33371020405469665;0.36412738190176674;0.2021970663352226;0.0;0.5365876262958439;0.42413623324744787;0.3699044483464202;0.0;0.2939215863569925;0.39551589224219585;0.32591512361023184;0.0;0.0;0.0;0.0;0.0;0.0;0.4447072211461155;0.0;0.3098955970007391;0.29379341969612505;0.4070239391068201;0.3796913125485681;0.2832212090999459;0.38493811794552246;0.0;0.38531145794397603;0.0;0.41821596150353496;0.0;0.3098955970007391;0.36412738190176674;0.4958328882881619;0.3699044483464202;0.0;0.34049234120079;0.32998278008145465;0.4250771647806031;0.0;0.0;0.2832212090999459;1.0;0.2818360540895163;0.3993213689140805;0.4622726373902989;0.2832212090999459;0.5614896726368603;0.46153688613103244;0.3236626762158731;0.0;0.3883717360012464;0.0;0.0;0.5169668148004554;0.39103568439672265;0.3562000412670447;0.41615103389899744;0.0;0.0;0.0;0.0;0.35940195764607347;0.3965788362472134;0.0;0.2894948054273031;0.6571067237128576
GO:0010951;0.44461100423805006;0.0;0.0;0.2536020227599722;0.35335989648458965;0.0;0.27603504696925296;0.5060767959437266;0.30565066114347383;0.0;0.22511179022922884;0.0;0.0;0.4249215584062975;0.43802379941797237;0.22197691113333584;0.0;0.3893333646933805;0.3783591323454729;0.29462734010231273;0.0;0.2986657190744332;0.409747642685902;0.2551616661887231;0.0;0.0;0.0;0.0;0.0;0.0;0.3341509435957534;0.0;0.32412734744444527;0.3135732644942383;0.4016256331850139;0.34162888782288325;0.2974529595436521;0.3696698610470961;0.0;0.5379886040012534;0.0;0.36011876466242515;0.0;0.308638608651177;0.3783591323454729;0.407764494031258;0.2818360540895163;0.0;0.24375729984409594;0.4277274587547899;0.2974529595436521;0.0;0.0;0.2974529595436521;0.2818360540895163;1.0;0.34162888782288325;0.3377429910304539;0.2974529595436521;0.3492828806900514;0.2847826171864365;0.226927634859179;0.0;0.4026034864449526;0.0;0.0;0.39243716844061033;0.26058696482901283;0.36811667218063365;0.3584585528078002;0.0;0.0;0.0;0.0;0.4661020507909426;0.3213017280031059;0.0;0.38070615977890393;0.43042190101241795
GO:2001189;0.42868122241308443;0.0;0.0;0.23395034462272646;0.31245375814009035;0.0;0.2351289086247536;0.326725261985656;0.5461573539794344;0.0;0.17637833277559978;0.0;0.0;0.5696675774046298;0.397117661073473;0.17552267843442942;0.0;0.5181680925911575;0.33745299400097356;0.2504175334712824;0.0;0.3605908892704424;0.36884150434140267;0.209731877021625;0.0;0.0;0.0;0.0;0.0;0.0;0.43558497180647915;0.0;0.2832212090999459;0.2671190317953318;0.3803495512060269;0.5942489730904909;0.25654682119915273;0.4775622274337938;0.0;0.46146837858369144;0.0;0.3173864282757989;0.0;0.2832212090999459;0.33745299400097356;0.3668583556867586;0.34376122428552547;0.0;0.22410562170685017;0.3033083921806614;0.4036264504520125;0.0;0.0;0.25654682119915273;0.3993213689140805;0.34162888782288325;1.0;0.6405854064344241;0.25654682119915273;0.439965640952955;0.5506682881164955;0.44462748389813456;0.0;0.36169734810045323;0.0;0.0;0.4902924268996621;0.24093528669176711;0.3295256533662515;0.4964675580342095;0.0;0.0;0.0;0.0;0.4251959124464432;0.2770919213720756;0.0;0.45426904723519895;0.409145819033431
GO:0042129;0.3919916499919916;0.0;0.0;0.302520400915593;0.3777201461464259;0.0;0.30039529663108916;0.3919916499919916;0.5792748872700881;0.0;0.2494720398910651;0.0;0.0;0.37230220416023907;0.40271938200730917;0.24633716079517204;0.0;0.5101637178038388;0.40271938200730917;0.33299885831301324;0.0;0.3358172547490659;0.4514228291831335;0.29231320186335574;0.0;0.0;0.0;0.0;0.0;0.0;0.5377963530137223;0.0;0.3484875971062815;0.3497003566370626;0.44330081968224533;0.5872601445647995;0.3218132092054883;0.42353011805106483;0.0;0.42390345804951846;0.0;0.39996775311752963;0.0;0.3484875971062815;0.40271938200730917;0.6548357802124936;0.318987589764149;0.0;0.2926756779997167;0.37040097822912393;0.41828331265411045;0.0;0.0;0.3218132092054883;0.4622726373902989;0.3377429910304539;0.6405854064344241;1.0;0.3218132092054883;0.5029169094291733;0.657415071419341;0.2758460130147998;0.0;0.42696373610678884;0.0;0.0;0.5502125147519763;0.30950534298463367;0.39247692184246985;0.4524279144744226;0.0;0.0;0.0;0.0;0.41530889458701103;0.35967324621380636;0.0;0.3313904738193765;0.4720970875096494
GO:0060333;0.3463553183511684;0.4543679656954753;0.3855773354389354;0.24943908341599474;0.6112061044989261;0.4122517233397286;0.3855773354389354;0.39581910990224556;0.30703581615390346;0.3687034416352375;0.257732911673192;0.3855773354389354;0.3855773354389354;0.32666587251941587;0.4816418109011556;0.22407358170335817;0.3855773354389354;0.6104174036897128;0.4816418109011556;0.2659062722645507;0.0;0.28273593724946766;0.6308316816822342;0.22374314557048924;0.3806608072418462;0.3855773354389354;0.0;0.0;0.48729165530247903;0.4983434911468811;0.25654682119915273;0.4024070004238523;0.6671648106719963;0.27991031780812825;0.4030107881954435;0.23923188436375753;0.5552991675579886;0.3778937864102417;0.0;0.42773091795977247;0.4009116277617444;0.3347013651111941;0.0;0.3028512654654583;0.40654684191756313;0.386488412052271;0.2659062722645507;0.4719014502269431;0.23959436050011845;0.3629146223709856;0.5552991675579886;0.34933943682064933;0.28367981189368235;0.5552991675579886;0.2832212090999459;0.2974529595436521;0.25654682119915273;0.3218132092054883;1.0;0.3238654811388204;0.3424703341006592;0.22276469551520156;0.35772920928732993;0.660449694459289;0.22407358170335817;0.45706853237040207;0.3711610864616234;0.2564240254850354;0.45408441390092114;0.2733764861840696;0.3495596384113636;0.3855773354389354;0.3855773354389354;0.0;0.34821630853854857;0.3098955970007391;0.3855773354389354;0.2783091563197782;0.4318070560228476
GO:0045639;0.4136739782908361;0.0;0.0;0.3012690045623941;0.379772418079758;0.0;0.3024475685644213;0.39404392192532367;0.5585017251291573;0.0;0.2436969927152674;0.0;0.0;0.3939845324590835;0.5113512551617352;0.2428413383740971;0.0;0.5772318983347184;0.6094932962766024;0.45284001374022365;0.0;0.3500545971891353;0.4784514576359993;0.40350438885001394;0.0;0.0;0.0;0.0;0.0;0.0;0.5348152847360672;0.0;0.35053986903961354;0.3612402462966602;0.47032944813511113;0.4203355845874426;0.3434955375043328;0.42558238998439696;0.0;0.44558578634836293;0.0;0.42165008141637417;0.0;0.37016992540512594;0.49236230077246507;0.5960833905173605;0.43017877675080707;0.0;0.38113661323966447;0.3879419889557243;0.4657214368194776;0.0;0.0;0.3434955375043328;0.5614896726368603;0.3492828806900514;0.439965640952955;0.5029169094291733;0.3238654811388204;1.0;0.5021811581699069;0.3643069482547476;0.0;0.42901600804012086;0.0;0.0;0.8704369274974564;0.39796627822458136;0.5260851515164298;0.4567953059378719;0.0;0.0;0.0;0.0;0.43284990531361145;0.4795144016410169;0.0;0.34562781625944583;0.4991257159625152
GO:0031295;0.32623999013517774;0.0;0.0;0.23676874105877915;0.3983772710415968;0.0;0.32105242152626007;0.36318498333608534;0.4938931710477618;0.0;0.2260116733891802;0.4718309892183743;0.5046346648470378;0.5019697539564729;0.4233765069024801;0.19235234341934632;0.4718309892183743;0.5762066949310447;0.4833853582481612;0.3427447885951488;0.0;0.270065594892252;0.4547650172429092;0.30058166190108726;0.0;0.5046346648470378;0.0;0.0;0.0;0.0;0.5457528461914124;0.5214643298319548;0.36914472200145243;0.2721818542992606;0.37754915982543147;0.494705930146325;0.3424703341006592;0.35777845819425097;0.0;0.3950967913936122;0.0;0.3187273544674475;0.0;0.28273593724946766;0.3739127153514029;0.46332692838286904;0.3272560498018805;0.0;0.29784394265625025;0.33745299400097356;0.48432628978131637;0.0;0.0;0.3424703341006592;0.46153688613103244;0.2847826171864365;0.5506682881164955;0.657415071419341;0.3424703341006592;0.5021811581699069;1.0;0.5492478900160263;0.5190778320503613;0.44762086100195975;0.0;0.0;0.46483079852965004;0.3146736076411672;0.39581910990224556;0.36936131778221354;0.0;0.4718309892183743;0.0;0.5518541529207539;0.3355459661813329;0.3694191764959419;0.4718309892183743;0.2656388139625626;0.40634542765283554
GO:0034120;0.2929431363017048;0.0;0.0;0.2199390760738622;0.2786716324561392;0.0;0.2178139717893584;0.2929431363017048;0.3301623464344354;0.0;0.16689071504933428;0.0;0.0;0.5047701453370683;0.3036708683170224;0.1637558359534413;0.0;0.3715537566294131;0.3605795242815055;0.3063477393804779;0.0;0.23676874105877915;0.3350593786574515;0.2641846126864164;0.0;0.0;0.0;0.0;0.0;0.0;0.2969882883150799;0.0;0.24943908341599474;0.2388850004657877;0.34425230599195855;0.19326468817306902;0.22276469551520156;0.3409487932093341;0.0;0.32485494435923173;0.0;0.2854305006339746;0.0;0.24943908341599474;0.3036708683170224;0.4269298791681982;0.3063477393804779;0.0;0.2965030164646016;0.27135246453883716;0.2796733514796847;0.0;0.0;0.22276469551520156;0.3236626762158731;0.226927634859179;0.44462748389813456;0.2758460130147998;0.22276469551520156;0.3643069482547476;0.5492478900160263;1.0;0.0;0.32791522241650206;0.0;0.0;0.3177489044121598;0.31333268144951854;0.29342840815218313;0.22410562170685017;0.0;0.0;0.0;0.0;0.30224911234786006;0.33302212728127106;0.0;0.2323419601290897;0.3730485738193626
GO:0043299;0.0;0.4265198395438698;0.35772920928732993;0.0;0.41363614622826755;0.3844035971881231;0.43883228559222526;0.0;0.0;0.3468564365506349;0.26268846115025;0.5022481670654444;0.6038330091388775;0.0;0.0;0.22902913118041618;0.5022481670654444;0.5941285722151728;0.0;0.0;0.3944469806245216;0.0;0.47002389242957987;0.0;0.3588138021572436;0.85085563362276;0.3524235008402405;0.6601923781330112;0.48507470658338886;0.4704953649952756;0.0;0.6629539674787234;0.3844035971881231;0.0;0.0;0.0;0.35772920928732993;0.0;0.3692531658251574;0.0;0.3885522404034072;0.0;0.39028353784855857;0.0;0.0;0.0;0.0;0.4440533240753376;0.0;0.0;0.6038330091388775;0.34415254765846043;0.729434001272327;0.35772920928732993;0.0;0.0;0.0;0.0;0.35772920928732993;0.0;0.5190778320503613;0.0;1.0;0.46287973618863043;0.22902913118041618;0.4292204062187966;0.0;0.0;0.0;0.0;0.32771263332676104;0.5022481670654444;0.35772920928732993;0.582271330767824;0.0;0.295169192994799;0.5022481670654444;0.0;0.0
GO:0007169;0.45150584525246895;0.5595184925967758;0.4907278623402359;0.35458961031729525;0.7892526563040598;0.5174022502410291;0.4907278623402359;0.5009696368035461;0.41218634305520396;0.473853968536538;0.3628834385744925;0.4907278623402359;0.4907278623402359;0.43181639942071637;0.5867923378024561;0.32922410860465867;0.4907278623402359;0.7155679305910132;0.5867923378024561;0.3710567991658512;0.0;0.3878864641507681;0.7359822085835348;0.32889367247178974;0.48581133414314676;0.4907278623402359;0.0;0.0;0.5924421822037795;0.6034940180481816;0.36169734810045323;0.5075575273251529;0.6871240823600822;0.3850608447094288;0.508161315096744;0.34438241126505803;0.660449694459289;0.4830443133115422;0.0;0.5328814448610729;0.5060621546630448;0.4398518920124946;0.0;0.4080017923667588;0.5116973688188636;0.4916389389535715;0.3710567991658512;0.5770519771282436;0.344744887401419;0.46806514927228615;0.660449694459289;0.4544899637219499;0.38883033879498285;0.660449694459289;0.3883717360012464;0.4026034864449526;0.36169734810045323;0.42696373610678884;0.660449694459289;0.42901600804012086;0.44762086100195975;0.32791522241650206;0.46287973618863043;1.0;0.32922410860465867;0.5622190592717026;0.4763116133629239;0.3615745523863359;0.5592349408022217;0.3785270130853702;0.4547101653126641;0.4907278623402359;0.4907278623402359;0.0;0.45336683543984907;0.4150461239020396;0.4907278623402359;0.3834596832210787;0.5369575829241481
GO:0038083;0.0;0.38567248470571763;0.22407358170335817;0.0;0.2799805186442958;0.23525923081088307;0.20858484291008988;0.0;0.0;0.2527946495411202;0.18263794268959954;0.22407358170335817;0.20858484291008988;0.0;0.0;0.1489786127197657;0.22407358170335817;0.31595398685308657;0.0;0.0;0.0;0.0;0.3363682648456081;0.0;0.2647520151477289;0.20858484291008988;0.0;0.0;0.4697730030376089;0.32135099861803557;0.0;0.22541450789500678;0.25074796960415136;0.0;0.0;0.0;0.22407358170335817;0.0;0.0;0.0;0.2990141042164912;0.0;0.0;0.0;0.0;0.0;0.0;0.31039769649136584;0.0;0.0;0.22407358170335817;0.5211278078489379;0.1817822883484292;0.22407358170335817;0.0;0.0;0.0;0.0;0.22407358170335817;0.0;0.0;0.0;0.22902913118041618;0.32922410860465867;1.0;0.38837305138064443;0.0;0.0;0.0;0.0;0.2336508463172463;0.22407358170335817;0.22407358170335817;0.0;0.0;0.2124698271605991;0.22407358170335817;0.0;0.0
GO:0006397;0.0;0.725015039334364;0.45706853237040207;0.0;0.5129754693113397;0.48374292027119525;0.45706853237040207;0.0;0.0;0.41339208400504357;0.3137353698113904;0.45706853237040207;0.45706853237040207;0.0;0.0;0.28007603984155655;0.45706853237040207;0.5489489375201304;0.0;0.0;0.0;0.0;0.569363215512652;0.0;0.4253494496116523;0.45706853237040207;0.0;0.0;0.6908868609938243;0.5698346880783478;0.0;0.47389819735531896;0.48374292027119525;0.0;0.0;0.0;0.45706853237040207;0.0;0.0;0.0;0.44974158770379447;0.0;0.0;0.0;0.0;0.0;0.0;0.5433926471584097;0.0;0.0;0.45706853237040207;0.5189852066519569;0.29556477863482483;0.45706853237040207;0.0;0.0;0.0;0.0;0.45706853237040207;0.0;0.0;0.0;0.4292204062187966;0.5622190592717026;0.38837305138064443;1.0;0.0;0.0;0.0;0.0;0.3942482807811697;0.45706853237040207;0.45706853237040207;0.0;0.0;0.3489135544364112;0.45706853237040207;0.0;0.0
GO:0045637;0.4640007642375432;0.0;0.0;0.344423292312953;0.427068023402561;0.0;0.34974317388722426;0.44133952724812664;0.5181201848649963;0.0;0.28150498031180504;0.0;0.0;0.4443113184057907;0.5586468604845383;0.2832981733441841;0.0;0.5595115950599739;0.5586468604845383;0.39783547436241656;0.0;0.3950350829818211;0.5329195611549504;0.351531030096111;0.0;0.0;0.0;0.0;0.0;0.0;0.4902924268996621;0.0;0.39783547436241656;0.40439453404721903;0.5247975516540624;0.46763118991024555;0.39382232345103996;0.4728779953071999;0.0;0.49591257229507013;0.0;0.4719768673630813;0.0;0.42049671135183314;0.5426890867191723;0.5309364125003064;0.37820541799690416;0.0;0.3345785693970767;0.43523759427852726;0.46763118991024555;0.0;0.0;0.39382232345103996;0.5169668148004554;0.39243716844061033;0.4902924268996621;0.5502125147519763;0.3711610864616234;0.8704369274974564;0.46483079852965004;0.3177489044121598;0.0;0.4763116133629239;0.0;0.0;1.0;0.35140823438199364;0.5805532550353809;0.507122091884579;0.0;0.0;0.0;0.0;0.4801455106364144;0.42450986226320975;0.0;0.39060830205213165;0.5535938194814665
GO:0090280;0.4706123649350966;0.0;0.0;0.5752044559713948;0.31233096242597297;0.0;0.25147330175919225;0.3266024662715387;0.45092291910334403;0.0;0.20055004501916812;0.0;0.0;0.30691302043978613;0.33733019828685623;0.19741516592327513;0.0;0.40521308659924693;0.39423885425133937;0.3400070693503117;0.0;0.27042807102861294;0.36871870862728534;0.29784394265625025;0.0;0.0;0.0;0.0;0.0;0.0;0.33064761828491374;0.0;0.2830984133858286;0.2725443304356216;0.3779116359617924;0.22692401814290286;0.2564240254850354;0.3746081231791679;0.0;0.3585142743290655;0.0;0.45895841169512225;0.0;0.2830984133858286;0.33733019828685623;0.46058920913803203;0.3400070693503117;0.0;0.3301623464344355;0.30501179450867105;0.31333268144951854;0.0;0.0;0.2564240254850354;0.39103568439672265;0.26058696482901283;0.24093528669176711;0.30950534298463367;0.2564240254850354;0.39796627822458136;0.3146736076411672;0.31333268144951854;0.0;0.3615745523863359;0.0;0.0;0.35140823438199364;1.0;0.32708773812201697;0.25776495167668406;0.0;0.0;0.0;0.0;0.3359084423176939;0.3666814572511049;0.0;0.26600129009892354;0.49733023796469533
GO:0030516;0.5095746124232676;0.0;0.0;0.3201027960529763;0.5099913508418588;0.0;0.432666501326522;0.4819715613324954;0.38001464832100224;0.0;0.28933333876751033;0.0;0.0;0.4026758853104188;0.7564474290157988;0.28847768442634;0.0;0.5459648190506495;0.7564474290157988;0.443409322548141;0.0;0.35339964988644923;0.566379097043171;0.39710487828183544;0.0;0.0;0.0;0.0;0.0;0.0;0.43414130390480354;0.0;0.4807588018017143;0.34727036215857887;0.7876723484246473;0.3098955970007391;0.45408441390092114;0.45390379920124463;0.0;0.5138833693900223;0.0;0.5175507155488057;0.0;0.4660705595375576;0.6967795149573299;0.46249842484327397;0.3365699849015323;0.0;0.3102580731371;0.44306595273423255;0.45408441390092114;0.0;0.0;0.45408441390092114;0.3562000412670447;0.36811667218063365;0.3295256533662515;0.39247692184246985;0.45408441390092114;0.5260851515164298;0.39581910990224556;0.29342840815218313;0.0;0.5592349408022217;0.0;0.0;0.5805532550353809;0.32708773812201697;1.0;0.3463553183511684;0.0;0.0;0.0;0.0;0.41888002117553014;0.4700837104489342;0.0;0.3489728689567598;0.5119583863860946
GO:0050860;0.4455108873980014;0.0;0.0;0.2507800096076434;0.32928342312500725;0.0;0.2519585736096705;0.34355492697057294;0.49360634738109677;0.0;0.19320799776051673;0.0;0.0;0.40316020457683227;0.41394732605838996;0.19235234341934632;0.0;0.5123365205866578;0.3542826589858905;0.2672471984561994;0.0;0.4387810460702271;0.3856711693263196;0.22656154200654188;0.0;0.0;0.0;0.0;0.0;0.0;0.3835111222360218;0.0;0.30005087408486286;0.28394869678024875;0.3971792161909439;0.4696650034725489;0.2733764861840696;0.4717306554292941;0.0;0.5468310335796243;0.0;0.3342160932607158;0.0;0.30005087408486286;0.3542826589858905;0.3836880206716755;0.4219513810853102;0.0;0.24093528669176711;0.32013805716557836;0.400826059071417;0.0;0.0;0.2733764861840696;0.41615103389899744;0.3584585528078002;0.4964675580342095;0.4524279144744226;0.2733764861840696;0.4567953059378719;0.36936131778221354;0.22410562170685017;0.0;0.3785270130853702;0.0;0.0;0.507122091884579;0.25776495167668406;0.3463553183511684;1.0;0.0;0.0;0.0;0.0;0.4420255774313601;0.2939215863569925;0.0;0.5375564847217111;0.42597548401834795
GO:0001578;0.0;0.39154771410624284;0.5823088040544852;0.0;0.4054665753523012;0.3494314717504962;0.5936112956512924;0.0;0.0;0.6190286952025236;0.26731017628708015;0.3495596384113636;0.32275708384970303;0.0;0.0;0.2336508463172463;0.3495596384113636;0.441440043561092;0.0;0.0;0.0;0.0;0.46185432155361356;0.0;0.6309860608091323;0.32275708384970303;0.0;0.0;0.4769051357074226;0.4355232395576487;0.0;0.33958674883462;0.3762340263121568;0.0;0.0;0.0;0.3495596384113636;0.0;0.0;0.0;0.3976976063628361;0.0;0.0;0.0;0.0;0.0;0.0;0.5275080368923006;0.0;0.0;0.3495596384113636;0.35147171557576246;0.28046579049477405;0.3495596384113636;0.0;0.0;0.0;0.0;0.3495596384113636;0.0;0.0;0.0;0.32771263332676104;0.4547101653126641;0.2336508463172463;0.3942482807811697;0.0;0.0;0.0;0.0;1.0;0.3495596384113636;0.441183922104293;0.0;0.0;0.39263517436062634;0.3495596384113636;0.0;0.0
GO:0002548;0.0;0.4543679656954753;0.3855773354389354;0.0;0.44148427237987303;0.4122517233397286;0.3855773354389354;0.0;0.0;0.3687034416352375;0.257732911673192;0.6930230424127137;0.5300962932170499;0.0;0.0;0.22407358170335817;0.6930230424127137;0.6219766983667783;0.0;0.0;0.0;0.0;0.49787201858118535;0.0;0.3806608072418462;0.5300962932170499;0.0;0.0;0.48729165530247903;0.4983434911468811;0.0;0.6565039315960443;0.4122517233397286;0.0;0.0;0.0;0.3855773354389354;0.0;0.0;0.0;0.4009116277617444;0.0;0.0;0.0;0.0;0.0;0.0;0.4719014502269431;0.0;0.0;0.5300962932170499;0.34933943682064933;0.28367981189368235;0.3855773354389354;0.0;0.0;0.0;0.0;0.3855773354389354;0.0;0.4718309892183743;0.0;0.5022481670654444;0.4907278623402359;0.22407358170335817;0.45706853237040207;0.0;0.0;0.0;0.0;0.3495596384113636;1.0;0.3855773354389354;0.535024487935837;0.0;0.29473729434033974;0.6930230424127137;0.0;0.0
GO:0030913;0.0;0.4543679656954753;0.4772016191318648;0.0;0.44148427237987303;0.4730493605834032;0.4772016191318648;0.0;0.0;0.4603277253281669;0.257732911673192;0.3855773354389354;0.44637497268261;0.0;0.0;0.22407358170335817;0.3855773354389354;0.4774577405886638;0.0;0.0;0.0;0.0;0.49787201858118535;0.0;0.4722850909347756;0.3855773354389354;0.0;0.0;0.48729165530247903;0.5591411283905556;0.0;0.4024070004238523;0.4122517233397286;0.0;0.0;0.0;0.3855773354389354;0.0;0.0;0.0;0.4009116277617444;0.0;0.0;0.0;0.0;0.0;0.0;0.5635257339198725;0.0;0.0;0.3855773354389354;0.34933943682064933;0.28367981189368235;0.3855773354389354;0.0;0.0;0.0;0.0;0.3855773354389354;0.0;0.0;0.0;0.35772920928732993;0.4907278623402359;0.22407358170335817;0.45706853237040207;0.0;0.0;0.0;0.0;0.441183922104293;0.3855773354389354;1.0;0.0;0.0;0.40599163439878155;0.3855773354389354;0.0;0.0
GO:0045087;0.0;0.0;0.0;0.0;0.0;0.0;0.0;0.0;0.0;0.0;0.0;0.535024487935837;0.5678281635645004;0.0;0.0;0.36606321395189423;0.535024487935837;0.6269048930855654;0.0;0.0;0.0;0.0;0.0;0.0;0.0;0.5678281635645004;0.0;0.0;0.0;0.0;0.0;0.5846578285494174;0.0;0.0;0.0;0.0;0.0;0.0;0.0;0.0;0.5357287618141322;0.0;0.0;0.0;0.0;0.0;0.0;0.0;0.0;0.0;0.535024487935837;0.0;0.0;0.0;0.0;0.0;0.0;0.0;0.0;0.0;0.5518541529207539;0.0;0.582271330767824;0.0;0.0;0.0;0.0;0.0;0.0;0.0;0.0;0.535024487935837;0.0;1.0;0.0;0.0;0.535024487935837;0.0;0.0
GO:0043066;0.5376656465878755;0.0;0.0;0.32892350024865324;0.4041232454794862;0.0;0.32679839596414945;0.41839474932505183;0.383216564700031;0.0;0.2758751392241253;0.0;0.0;0.5179762007561229;0.5257321416137765;0.2727402601282323;0.0;0.44009671368827696;0.4291224813403694;0.37489069643934175;0.0;0.6424372743915137;0.4974559848817061;0.3327275697452803;0.0;0.0;0.0;0.0;0.0;0.0;0.3327275697452803;0.0;0.37489069643934175;0.6691116622923068;0.48933397538081796;0.4251959124464432;0.36553124537394377;0.4499332173841251;0.0;0.46762149421797394;0.0;0.4436857892859851;0.0;0.39220563327473695;0.4464374181757646;0.49547283622706206;0.35940195764607347;0.0;0.31907877733277695;0.41229281635545245;0.34821630853854857;0.0;0.0;0.36553124537394377;0.35940195764607347;0.4661020507909426;0.4251959124464432;0.41530889458701103;0.34821630853854857;0.43284990531361145;0.3355459661813329;0.30224911234786006;0.0;0.45336683543984907;0.0;0.0;0.4801455106364144;0.3359084423176939;0.41888002117553014;0.4420255774313601;0.0;0.0;0.0;0.0;1.0;0.40156508434013494;0.0;0.7685890940456523;0.518130243208222
GO:0030838;0.5095746124232676;0.3462129877614844;0.40599163439878155;0.2732878518754486;0.3658025339416767;0.3040967454057377;0.36904664119787395;0.36275910095184716;0.3835111222360218;0.4117789775845002;0.33744079026560736;0.29473729434033974;0.27742235750494454;0.36038459195548983;0.4976411074491687;0.32644269728519;0.29473729434033974;0.44221746926639466;0.6055107412483776;0.7870160902531746;0.0;0.32059597425778574;0.44182033650850144;0.7038589263850874;0.4237363431911089;0.27742235750494454;0.0;0.0;0.43874290755881235;0.3901885132128902;0.3699044483464202;0.29425202248986143;0.3365699849015323;0.3332590936097146;0.5703713998397868;0.2770919213720756;0.3098955970007391;0.39429756901092045;0.0;0.41198584584476927;0.36515416603087403;0.5175507155488057;0.0;0.594603989608148;0.5203023444385853;0.5493098307506157;0.3965788362472134;0.4923157491867892;0.34985179226618796;0.43281049845702285;0.35033706411666626;0.3234519260663991;0.247922350162812;0.3098955970007391;0.3965788362472134;0.3213017280031059;0.2770919213720756;0.35967324621380636;0.3098955970007391;0.4795144016410169;0.3694191764959419;0.33302212728127106;0.295169192994799;0.4150461239020396;0.2124698271605991;0.3489135544364112;0.42450986226320975;0.3666814572511049;0.4700837104489342;0.2939215863569925;0.39263517436062634;0.29473729434033974;0.40599163439878155;0.0;0.40156508434013494;1.0;0.29473729434033974;0.3161691933280963;0.46249459483501737
GO:0030593;0.0;0.4543679656954753;0.3855773354389354;0.0;0.44148427237987303;0.4122517233397286;0.3855773354389354;0.0;0.0;0.3687034416352375;0.257732911673192;0.6930230424127137;0.5300962932170499;0.0;0.0;0.22407358170335817;0.7711775863247551;0.6219766983667783;0.0;0.0;0.0;0.0;0.49787201858118535;0.0;0.3806608072418462;0.5300962932170499;0.0;0.0;0.48729165530247903;0.4983434911468811;0.0;0.6565039315960443;0.4122517233397286;0.0;0.0;0.0;0.3855773354389354;0.0;0.0;0.0;0.4009116277617444;0.0;0.0;0.0;0.0;0.0;0.0;0.4719014502269431;0.0;0.0;0.5300962932170499;0.34933943682064933;0.28367981189368235;0.3855773354389354;0.0;0.0;0.0;0.0;0.3855773354389354;0.0;0.4718309892183743;0.0;0.5022481670654444;0.4907278623402359;0.22407358170335817;0.45706853237040207;0.0;0.0;0.0;0.0;0.3495596384113636;0.6930230424127137;0.3855773354389354;0.535024487935837;0.0;0.29473729434033974;1.0;0.0;0.0
GO:2001237;0.4450972573796886;0.0;0.0;0.2590163480298829;0.3342160932607158;0.0;0.2568912437453791;0.3484875971062815;0.4066531032955037;0.0;0.20596798700535496;0.0;0.0;0.425407811547936;0.4361949330294937;0.20283310790946196;0.0;0.43072957665508615;0.35921532912159904;0.2894948054273031;0.0;0.7929245554723456;0.40791877629742335;0.24880914897764567;0.0;0.0;0.0;0.0;0.0;0.0;0.3233604327120895;0.0;0.3049835442205714;0.5497407185224592;0.3997967667965352;0.33797382339227766;0.2783091563197782;0.4939782624003979;0.0;0.569078640550728;0.0;0.35646370023181956;0.0;0.3049835442205714;0.35921532912159904;0.4059356276427793;0.44419898805641395;0.0;0.24917162511400665;0.32689692534341386;0.33884917150535776;0.0;0.0;0.2783091563197782;0.2894948054273031;0.38070615977890393;0.45426904723519895;0.3313904738193765;0.2783091563197782;0.34562781625944583;0.2656388139625626;0.2323419601290897;0.0;0.3834596832210787;0.0;0.0;0.39060830205213165;0.26600129009892354;0.3489728689567598;0.5375564847217111;0.0;0.0;0.0;0.0;0.7685890940456523;0.3161691933280963;0.0;1.0;0.4285930346239393
GO:2000145;0.5761406421362938;0.0;0.0;0.5099753522611671;0.48771399296378515;0.0;0.41038914344844846;0.5019854968093509;0.5564511963045412;0.0;0.330384107392041;0.0;0.0;0.4822960509775983;0.5127132288246684;0.335294174464856;0.0;0.5236874611725759;0.5127132288246684;0.4358202069342242;0.0;0.4330198155536287;0.5709042937267581;0.3895157626679186;0.0;0.0;0.0;0.0;0.0;0.0;0.409145819033431;0.0;0.45848144392364076;0.4423792666190267;0.56278228422587;0.3895157626679186;0.4318070560228476;0.5335239648684241;0.0;0.5338973048668777;0.0;0.5841167452618319;0.0;0.45848144392364076;0.5127132288246684;0.5689211450721141;0.4161901505687118;0.0;0.3898782388042796;0.47322232685033494;0.4318070560228476;0.0;0.0;0.4318070560228476;0.6571067237128576;0.43042190101241795;0.409145819033431;0.4720970875096494;0.4318070560228476;0.4991257159625152;0.40634542765283554;0.3730485738193626;0.0;0.5369575829241481;0.0;0.0;0.5535938194814665;0.49733023796469533;0.5119583863860946;0.42597548401834795;0.0;0.0;0.0;0.0;0.518130243208222;0.46249459483501737;0.0;0.4285930346239393;1.0
