;GO:0043507;GO:0060244;GO:0061052;GO:0046777;GO:1901985;GO:0048754;GO:0006887;GO:0023014;GO:0032091;GO:0060326;GO:0006879;GO:0000187;GO:0006913;GO:0001666;GO:0015707;GO:0032729;GO:0031116;GO:0035556;GO:0033138;GO:0070839;GO:0046827;GO:0007263;GO:0060999;GO:0045773;GO:0043312;GO:0045454;GO:0007188;GO:0007266;GO:0048012;GO:0048010;GO:0002369;GO:0045342;GO:0051496;GO:0048013;GO:0048255;GO:0002606;GO:0010469;GO:0050766;GO:0018105;GO:0071800;GO:0018107;GO:0060143;GO:0090314;GO:2001275;GO:0060586;GO:0038095;GO:0048812;GO:0043123;GO:0038096;GO:1904754;GO:0022900;GO:0007035;GO:0045944;GO:0002223;GO:0042832;GO:0032869;GO:1904707;GO:0019221;GO:0032147;GO:0031532;GO:0050852;GO:0051149;GO:0050776;GO:0031295;GO:0050829;GO:1902023;GO:0007169;GO:0007166;GO:0007200;GO:0006876;GO:0002430;GO:0007204;GO:0070574;GO:0071421;GO:0045087;GO:0033148;GO:0006909;GO:0002309;GO:0002827;GO:0032496;GO:0050900;GO:0051835;GO:0019730;GO:0001818;GO:0071902;GO:0010763
GO:0043507;1.0;0.06748421709113606;0.21413952640421827;0.0;0.46704669265811766;0.0;0.0;0.09913341177264436;0.32244038882488035;0.0;0.06429609101380394;0.8221878059609148;0.0;0.0;0.0;0.20291556436281794;0.20823227378892495;0.11891387605779175;0.5473041142684031;0.0;0.18463119485636148;0.07603842196806042;0.215527720961546;0.215527720961546;0.0;0.08472478789269494;0.09351568195877956;0.0865925829943522;0.07329824071132221;0.08472478789269494;0.0;0.0;0.21905948269805356;0.08610895145798445;0.3018358054051997;0.169369594501782;0.39124623572791406;0.22102184404976882;0.0;0.0;0.0;0.2068500679211187;0.19072365812429165;0.33512617383021653;0.05502446450228101;0.2792688248572392;0.0;0.5662316392431725;0.39815593246038594;0.19684189191192755;0.0;0.05907381425966188;0.4344363781094097;0.4609316537760764;0.0;0.0;0.20952856765747638;0.10658971866002312;0.7438581889425974;0.0;0.3945500006080498;0.2308309938774042;0.3513206057832792;0.2206421992597241;0.0;0.0;0.10357663223835299;0.1251843625868842;0.08696306692607932;0.047089581623179076;0.3250898877177318;0.0744703826464592;0.0;0.0;0.0;0.3815465591929455;0.0;0.0;0.33212099106616305;0.0;0.0;0.1764263022764012;0.0;0.0842385889134955;0.8386144342895623;0.1942806451741443
GO:0060244;0.06748421709113606;1.0;0.1634326497400965;0.0;0.06420864178030242;0.0;0.0;0.0756232139007321;0.052901621291111804;0.0;0.05092064168843242;0.07107530748439055;0.0;0.0;0.0;0.058649186123827385;0.06268922183041602;0.08661395254755712;0.06901641438639028;0.0;0.054388701518186054;0.06139759641738171;0.06444168885358036;0.06444168885358036;0.0;0.06693907433949718;0.0723095596143837;0.06809962056088802;0.05959856069666081;0.06693907433949718;0.0;0.0;0.06528148223165983;0.06780014531257046;0.18690452380228023;0.050705289685758395;0.07879904803538271;0.06574570715869288;0.0;0.0;0.0;0.06235447317662384;0.05582637465823517;0.06139759641738171;0.04492546505287154;0.06985469323827521;0.0;0.07178612091057679;0.07039583946830458;0.05990430059695317;0.0;0.047588838974717544;0.08413656066341083;0.06672018258805129;0.0;0.0;0.3247224359881941;0.07988621433706766;0.07522674686106487;0.0;0.06989804558810361;0.06804095273256552;0.07319676891757461;0.06565602934599338;0.0;0.0;0.07818165859784632;0.08989366341292626;0.06832854951728014;0.03949216830960482;0.05990430059695317;0.05709876559018886;0.0;0.0;0.0;0.05926972323512158;0.0;0.0;0.05363923315370757;0.0;0.0;0.054758207775648764;0.0;0.19722014238727673;0.07578673710350312;0.05926972323512158
GO:0061052;0.21413952640421827;0.1634326497400965;1.0;0.0;0.06520821990459748;0.0;0.0;0.07701362625671947;0.053786558582145406;0.0;0.05174003102782304;0.22573139531625727;0.0;0.0;0.0;0.26810130499181195;0.27157607970364495;0.08844277323034869;0.07017263604069093;0.0;0.05520322069739838;0.06231094513540419;0.42246729753709955;0.5663035543970468;0.0;0.06802619257744044;0.07357976820902962;0.06922507795988793;0.06045879382841808;0.06802619257744044;0.0;0.0;0.28298380630153747;0.06891564477017115;0.18983010158506936;0.051412502663044216;0.2507319014080004;0.28502822937174477;0.0;0.0;0.0;0.27010400061706186;0.05668486366928407;0.19453827361120013;0.04556206372025016;0.22178904301431354;0.0;0.22802826480582916;0.22353655424492366;0.06077344669460559;0.0;0.04830375621439229;0.0858612175733499;0.211675865147514;0.0;0.0;0.06396446292750321;0.08143941439615732;0.07660248589583527;0.0;0.22192902285317373;0.7124859076267059;0.2649418785037498;0.0667015471606305;0.0;0.0;0.07966866673096676;0.09186518227107995;0.06946164943623924;0.03998325582277077;0.18973811704636373;0.05813106276529915;0.0;0.0;0.0;0.18769933744007805;0.0;0.0;0.19310640723362443;0.0;0.0;0.2367630150078733;0.0;0.4497063406359728;0.07718322457298553;0.06012042206437605
GO:0046777;0.0;0.0;0.0;1.0;0.0;0.0;0.037539292903679716;0.7023732256693296;0.0;0.03208830145466643;0.028181072605142667;0.0;0.0;0.0;0.0;0.0;0.0;0.041675558168773;0.0;0.0;0.0;0.02536058982285684;0.0;0.0;0.03548135048181739;0.02853723028483751;0.03181673197432882;0.02922851829687202;0.024371366747052696;0.02853723028483751;0.0;0.11715491599722376;0.0;0.029049239248283443;0.0;0.0;0.0;0.0;0.6523117094272922;0.02356048679189128;0.6010295964512643;0.0;0.0;0.0;0.0;0.030291903331400197;0.03244356734186213;0.0;0.030624230742467257;0.0;0.147777271296534;0.02569329716516224;0.0;0.02840788649847946;0.0;0.02922851829687202;0.0;0.03681863876644079;0.0;0.027938243478851724;0.030318448648408616;0.0;0.0;0.0;0.0;0.0;0.03565238473626688;0.044201599118338375;0.029365988195722306;0.020126232879360377;0.02453808426775922;0.03314015867348403;0.0;0.0;0.0;0.0;0.0;0.022292520168939445;0.0;0.0;0.034240493502816605;0.0;0.0;0.0;0.0;0.0
GO:1901985;0.46704669265811766;0.06420864178030242;0.06520821990459748;0.0;1.0;0.0;0.0;0.0922223003348174;0.06328136891909865;0.0;0.06046743084534367;0.4969603774806822;0.0;0.0;0.0;0.19076531508620514;0.19663359983032058;0.10910603952702484;0.4797350171970439;0.0;0.1745173980702585;0.07190523098775634;0.20312628886579484;0.20312628886579484;0.0;0.07962500315692593;0.0873412668483225;0.08127252531522038;0.06945003809008121;0.07962500315692593;0.0;0.0;0.20626035456742736;0.08084634853796568;0.2844323374448204;0.1608199924846809;0.09698925804186041;0.2079991926185097;0.0;0.0;0.0;0.19540062925856752;0.17995085095127414;0.19188888026898346;0.05219610472786332;0.08378478027826483;0.0;0.2310471087605965;0.20366173556990488;0.1864457411910966;0.0;0.055826133754527635;0.3998862296105036;0.19102024991355981;0.0;0.0;0.1977891060270184;0.09864154963668574;0.5323180004372373;0.0;0.2019341669865801;0.21666382421643907;0.09126401084538104;0.20766293332042995;0.0;0.0;0.0960556173977873;0.11436196275969293;0.0815987984782113;0.04500267097087679;0.1682614484082626;0.06938209419659627;0.0;0.0;0.0;0.1841463130283616;0.0;0.0;0.17170450194418566;0.0;0.0;0.16802880927350244;0.0;0.07855425010816416;0.5371526647848466;0.1841463130283616
GO:0048754;0.0;0.0;0.0;0.0;0.0;1.0;0.0;0.0;0.0;0.0;0.0;0.0;0.0;0.0;0.0;0.0;0.0;0.0;0.0;0.0;0.0;0.0;0.0;0.0;0.0;0.0;0.0;0.0;0.0;0.0;0.26038315336218076;0.0;0.0;0.0;0.0;0.0;0.0;0.0;0.0;0.0;0.0;0.0;0.0;0.0;0.25621526915753096;0.0;0.5436595651236241;0.0;0.0;0.0;0.0;0.0;0.0;0.0;0.0;0.0;0.0;0.0;0.0;0.0;0.0;0.0;0.0;0.0;0.0;0.0;0.0;0.0;0.0;0.0;0.0;0.0;0.0;0.0;0.0;0.0;0.0;0.0;0.0;0.0;0.0;0.0;0.0;0.0;0.0;0.0
GO:0006887;0.0;0.0;0.0;0.037539292903679716;0.0;0.0;1.0;0.04027696260688111;0.0;0.037686387587183075;0.03240904440176508;0.0;0.3884350383818194;0.0;0.2221725999797486;0.0;0.0;0.05163781174581038;0.0;0.23475046496956853;0.0;0.028733952682755182;0.0;0.0;0.9344049064488043;0.03288098134048466;0.03731234954902101;0.033802128952951635;0.02747061692506122;0.03288098134048466;0.0;0.0;0.0;0.03356258378384734;0.0;0.0;0.0;0.0;0.0369156478790159;0.026444728918393882;0.03356258378384734;0.0;0.0;0.0;0.0;0.03523248622023903;0.03817737316058569;0.0;0.03568286447633679;0.0;0.036888311566652884;0.029161804080842048;0.0;0.03270938344594444;0.0;0.033802128952951635;0.0;0.04438342957312979;0.0;0.03208830145466643;0.035268401847012756;0.0;0.0;0.0;0.0;0.25373994653071885;0.04269966200499563;0.05557287458257221;0.03398612219081119;0.022194025132937306;0.02768261712147084;0.039145615455522254;0.24883793551040329;0.24883793551040329;0.0;0.0;0.5321918828136173;0.024857770018668048;0.0;0.0;0.04069016867415647;0.0;0.0;0.0;0.0;0.0
GO:0023014;0.09913341177264436;0.0756232139007321;0.07701362625671947;0.7023732256693296;0.0922223003348174;0.0;0.04027696260688111;1.0;0.07849260350264431;0.034067673611342046;0.07420906338793591;0.10708104921414952;0.0;0.0;0.0;0.0856554657952062;0.08911987055858021;0.3886422120184596;0.10247535899023928;0.0;0.07686209078107331;0.22917559474623575;0.09270382313071286;0.09270382313071286;0.03791734503010707;0.09796147629918756;0.29108422344710827;0.2660820381468554;0.21982361203465575;0.2594459991843677;0.0;0.1215857282078416;0.09445174967600527;0.2643593597392776;0.0929371957417515;0.06970607718877653;0.12563373794196575;0.09542662849931983;0.6918042965063573;0.024610369148595195;0.63439795049247;0.08844486782712574;0.07976502185950622;0.08653199380088293;0.062126726168559215;0.27632434724397853;0.034468394247112795;0.1087026696816653;0.27953382162457546;0.08359506232215948;0.15671807675104818;0.06733838030698189;0.13977068257880557;0.2582063048066381;0.0;0.030861820671044145;0.08975407639351518;0.34011420375672907;0.11679130818517072;0.02942685435493601;0.27658056024786487;0.10033947001500615;0.12068624449664915;0.09523781979303814;0.0;0.0;0.32859740627109474;0.414247950311642;0.267403775830056;0.05219610472786332;0.22139728075159718;0.088101418562719;0.0;0.0;0.0;0.0823644699818479;0.0;0.023230190533568115;0.07537377691954582;0.0;0.036503649838018896;0.07390306147085493;0.0;0.09941560812120882;0.11814664389557883;0.0823644699818479
GO:0032091;0.32244038882488035;0.052901621291111804;0.053786558582145406;0.0;0.06328136891909865;0.0;0.0;0.07849260350264431;1.0;0.0;0.06599750622196728;0.3451596794019931;0.0;0.0;0.0;0.06639814662755432;0.06137158808521099;0.09474953409777101;0.06949705623187538;0.0;0.06027053960254345;0.05976805595784252;0.06357656120002332;0.06357656120002332;0.0;0.06677856563307187;0.07391273311841494;0.06829103885620481;0.0575644937945887;0.06677856563307187;0.0;0.0;0.06464536701045452;0.06789924006527702;0.06371951015337719;0.05517835974545515;0.39663770878665844;0.0652396163316577;0.0;0.0;0.0;0.06095425904611921;0.062309034809602565;0.05976805595784252;0.056265827365420885;0.0706085657030838;0.0;0.0732019771037675;0.07133059384652021;0.057936555134918515;0.0;0.06050698773077374;0.09093383997127037;0.06649505604432762;0.0;0.0;0.061763101641809585;0.08459666989858569;0.3723692329360819;0.0;0.07066627828055158;0.0682142015209459;0.08947926517433108;0.06512462939710414;0.0;0.0;0.08212653818042955;0.09994602375214794;0.06859125576551756;0.047995785998861604;0.057936555134918515;0.0767624676921979;0.0;0.0;0.0;0.05716542334377345;0.0;0.0;0.05921937077926615;0.0;0.0;0.05180281643722896;0.0;0.07571068199907094;0.3761201307633395;0.05716542334377345
GO:0060326;0.0;0.0;0.0;0.03208830145466643;0.0;0.0;0.037686387587183075;0.034067673611342046;0.0;1.0;0.028263888903342953;0.0;0.0;0.0;0.0;0.0;0.0;0.04185693223854884;0.0;0.0;0.0;0.02542763873878475;0.0;0.0;0.03561273125147276;0.028622156260740023;0.031922335057749204;0.02931761503727987;0.024433280630625713;0.028622156260740023;0.0;0.0;0.0;0.029137244709379416;0.0;0.0;0.0;0.0;0.03163152082248761;0.023618344348297036;0.029137244709379416;0.0;0.0;0.0;0.0;0.030387611610433803;0.03255337966068858;0.0;0.030722053930769155;0.0;0.03161144815358625;0.025762119246723437;0.0;0.028492043237115558;0.0;0.02931761503727987;0.0;0.03696012936654935;0.0;0.028019636651062017;0.03041432500802681;0.0;0.0;0.0;0.0;0.0;0.03578503754181464;0.044405680265544666;0.029455926290253807;0.020168437609475898;0.024600849209560755;0.03325474547301477;0.0;0.0;0.0;0.0;0.0;0.022344310956209146;0.0;0.0;0.7112328670040826;0.0;0.0;0.0;0.0;0.0
GO:0006879;0.06429609101380394;0.05092064168843242;0.05174003102782304;0.028181072605142667;0.06046743084534367;0.0;0.03240904440176508;0.07420906338793591;0.06599750622196728;0.028263888903342953;1.0;0.0685978840005173;0.0;0.0;0.0;0.06330696445162537;0.058721375364342895;0.08857764164130763;0.06611794187775001;0.0;0.05771258540536921;0.0572516855958364;0.06073689824016173;0.06073689824016173;0.030863578270066177;0.5441045149598825;0.07010234710485684;0.06502543042457445;0.055226623899512925;0.06365269475441498;0.0;0.0;0.06171162743918084;0.06467010908756464;0.2770635423171085;0.05302666692967224;0.07824010153676099;0.06225293830511257;0.027828147386094473;0.021431277255690676;0.025879154093105303;0.058339198961706966;0.05957904085678465;0.0572516855958364;0.812544692075802;0.0671232088291985;0.028539154027994652;0.06946266752557201;0.06777538602085124;0.05556898796092361;0.027812610402638497;0.5479873298784271;0.08523408743628896;0.06339505463958497;0.0;0.02602134367284754;0.05907970678876186;0.07964202305095397;0.07371244103706877;0.024993713540721673;0.06717536234481353;0.06495576220777381;0.08395486141986863;0.062148230163136864;0.0;0.0;0.07744900869450995;0.09310302491756492;0.06529756448073427;0.6683509508476883;0.05556898796092361;0.7128278395629399;0.0;0.0;0.0;0.054859206705890284;0.0;0.020377004946604303;0.05674803492665527;0.0;0.029920396935657793;0.049901796351431466;0.0;0.07171767114668737;0.07441431819804922;0.054859206705890284
GO:0000187;0.8221878059609148;0.07107530748439055;0.22573139531625727;0.0;0.4969603774806822;0.0;0.0;0.10708104921414952;0.3451596794019931;0.0;0.0685978840005173;1.0;0.0;0.0;0.0;0.21657751206450299;0.22115205230562437;0.13053549207622814;0.5859444453588937;0.0;0.19587375520719727;0.08062857826039145;0.2293988028958559;0.2293988028958559;0.0;0.09046314467395002;0.10055609643334235;0.09259570120619993;0.07755427034540745;0.09046314467395002;0.0;0.0;0.23340401643012434;0.09204290284264816;0.3213068998702968;0.17878297252146583;0.4245112637050872;0.23563309998647122;0.0;0.0;0.0;0.21959364931426853;0.20274457835540202;0.35535649260481894;0.05814494905212062;0.29931421224452204;0.0;0.608432989329043;0.4270395376871057;0.20834784493061978;0.0;0.06268555621859823;0.47509036842661834;0.39694073318490064;0.0;0.0;0.22261475852606408;0.11583362044816504;0.9174738963494579;0.0;0.42289417943409063;0.24681484603391912;0.3836423527411426;0.2352016501290619;0.0;0.0;0.11228395979028763;0.13813065886709192;0.09301945975484276;0.04935643173082417;0.34409229080683507;0.08030308815973969;0.0;0.0;0.0;0.40354208904200195;0.0;0.0;0.35197936343396763;0.0;0.0;0.18561363090712335;0.0;0.09074185309186791;0.9060531400597222;0.20548060393949347
GO:0006913;0.0;0.0;0.0;0.0;0.0;0.0;0.3884350383818194;0.0;0.0;0.0;0.0;0.0;1.0;0.0;0.20505303978661268;0.0;0.0;0.0;0.0;0.21572066973499496;0.0;0.0;0.0;0.0;0.3664643961736379;0.0;0.0;0.0;0.0;0.0;0.0;0.0;0.0;0.0;0.0;0.0;0.0;0.0;0.0;0.0;0.0;0.0;0.0;0.0;0.0;0.0;0.0;0.0;0.0;0.0;0.0;0.0;0.0;0.0;0.0;0.0;0.0;0.0;0.0;0.0;0.0;0.0;0.0;0.0;0.0;0.23165174694855223;0.0;0.0;0.0;0.0;0.0;0.0;0.227559152257244;0.227559152257244;0.0;0.0;0.2915612242208492;0.0;0.0;0.0;0.0;0.0;0.0;0.0;0.0;0.0
GO:0001666;0.0;0.0;0.0;0.0;0.0;0.0;0.0;0.0;0.0;0.0;0.0;0.0;0.0;1.0;0.0;0.0;0.0;0.0;0.0;0.0;0.0;0.0;0.0;0.0;0.0;0.0;0.0;0.0;0.0;0.0;0.19963916496533962;0.0;0.0;0.0;0.0;0.0;0.0;0.0;0.0;0.0;0.0;0.0;0.0;0.0;0.0;0.0;0.0;0.0;0.0;0.0;0.0;0.0;0.0;0.0;0.3192344087791592;0.24251642881277938;0.0;0.0;0.0;0.0;0.0;0.0;0.0;0.0;0.3666521179145522;0.0;0.0;0.0;0.0;0.0;0.0;0.0;0.0;0.0;0.46230147896406315;0.0;0.0;0.0;0.0;0.279092884949412;0.0;0.0;0.24776660463677114;0.0;0.0;0.0
GO:0015707;0.0;0.0;0.0;0.0;0.0;0.0;0.2221725999797486;0.0;0.0;0.0;0.0;0.0;0.20505303978661268;0.0;1.0;0.0;0.0;0.0;0.0;0.2770111063621504;0.0;0.0;0.0;0.0;0.2148066168652466;0.0;0.0;0.0;0.0;0.0;0.0;0.0;0.0;0.0;0.0;0.0;0.0;0.0;0.0;0.0;0.0;0.0;0.0;0.0;0.0;0.0;0.0;0.0;0.0;0.0;0.0;0.0;0.0;0.0;0.0;0.0;0.0;0.0;0.0;0.0;0.0;0.0;0.0;0.0;0.0;0.3903447572773327;0.0;0.0;0.0;0.0;0.0;0.0;0.287579744740964;0.287579744740964;0.0;0.0;0.18669313363308537;0.0;0.0;0.0;0.0;0.0;0.0;0.0;0.0;0.0
GO:0032729;0.20291556436281794;0.058649186123827385;0.26810130499181195;0.0;0.19076531508620514;0.0;0.0;0.0856554657952062;0.06639814662755432;0.0;0.06330696445162537;0.21657751206450299;0.0;0.0;0.0;1.0;0.18522704914664065;0.10237573656563452;0.20870021127929053;0.0;0.18202810586682017;0.06597950133406383;0.41521101078659384;0.41521101078659384;0.0;0.07339950249478215;0.08088473105902703;0.07499190496435187;0.06363388276783323;0.07339950249478215;0.0;0.0;0.19471283348554325;0.07457968611473768;0.19203405669902454;0.1671765059052353;0.09034179507829636;0.1964305567394859;0.0;0.0;0.0;0.1840150713321691;0.1879472328515961;0.1805667578615364;0.05429842729047495;0.07742614926963659;0.0;0.21932526021693424;0.21396452692995915;0.17523257806508816;0.0;0.05823779602710764;0.2695139139771843;0.2000553564915308;0.0;0.0;0.18636348586944618;0.09197243038670115;0.23283477374673656;0.0;0.2120585675039368;0.20500989443695977;0.096991519756894;0.19609827663548537;0.0;0.0;0.08942182671881353;0.10765096002444963;0.07530763399544639;0.046556830900940795;0.17523257806508816;0.073146669306017;0.0;0.0;0.0;0.17298305419194018;0.0;0.0;0.1789700037690531;0.0;0.0;0.15727961276486202;0.0;0.6732728537392314;0.23506697294461257;0.17298305419194018
GO:0031116;0.20823227378892495;0.06268922183041602;0.27157607970364495;0.0;0.19663359983032058;0.0;0.0;0.08911987055858021;0.06137158808521099;0.0;0.058721375364342895;0.22115205230562437;0.0;0.0;0.0;0.18522704914664065;1.0;0.10479024166488411;0.2137183341777067;0.0;0.1698708797982908;0.07000510814587257;0.42996107029443026;0.42996107029443026;0.0;0.07730157490010064;0.08455358644251262;0.07885341473048998;0.06767585792175514;0.07730157490010064;0.0;0.0;0.7313775322984433;0.07845216839979591;0.17855304100583622;0.15686597332052934;0.09356376729040032;0.4399808374554991;0.0;0.0;0.0;0.41404785870365624;0.1750145896325745;0.18681814425306442;0.05088990368409095;0.08121616491854916;0.0;0.2237350984198138;0.19736170983800375;0.18165500802443213;0.0;0.05433452898932113;0.27002753352343406;0.1854673870721011;0.0;0.0;0.19240611835818205;0.09510048322303165;0.23636047508866004;0.0;0.19573894276421303;0.21022116755950626;0.08782589206981804;0.20173713359655784;0.0;0.0;0.0926946156526132;0.1096293611625986;0.0791605169544939;0.04402833034632626;0.16393796160502014;0.06709299360331948;0.0;0.0;0.0;0.17947153761995333;0.0;0.0;0.167204631914924;0.0;0.0;0.35739434293697064;0.0;0.07599362725793957;0.23843476800222527;0.17947153761995333
GO:0035556;0.11891387605779175;0.08661395254755712;0.08844277323034869;0.041675558168773;0.10910603952702484;0.0;0.05163781174581038;0.3886422120184596;0.09474953409777101;0.04185693223854884;0.08857764164130763;0.13053549207622814;0.0;0.0;0.0;0.10237573656563452;0.10479024166488411;1.0;0.1237551064189484;0.0;0.09006107487304346;0.5199855873130826;0.10978065744987592;0.10978065744987592;0.04782236114521608;0.11723156834451996;0.3569050992385567;0.6207031066913852;0.25539292129917324;0.31048186015696794;0.0;0.0;0.11224040523914947;0.31754467850177054;0.11010807932446576;0.08039093957335108;0.15919317023969592;0.11361975409847225;0.040908313499199704;0.028432641087379005;0.03683077216041623;0.10385823264421895;0.09407262700508316;0.10123045189980398;0.07188958941604325;0.33496696802706505;0.04246347454779639;0.13295331318071513;0.3396949020788301;0.09723407764771096;0.04087474690268517;0.0789611259234304;0.18259479521804664;0.30870813990922513;0.0;0.037119441214618375;0.10566818521948632;0.4335343433664882;0.14525779425440632;0.03506295291950151;0.3353435437297054;0.12065347361973254;0.15675922925763114;0.1133521906687228;0.0;0.0;0.41499439306267977;0.561656831449571;0.3219475061640803;0.05891847317209682;0.2575195207658379;0.10911500089714175;0.0;0.0;0.0;0.09557315993061272;0.0;0.026606362210237943;0.08802448915402476;0.0;0.0455952974473127;0.0843649029034733;0.0;0.1226686216627705;0.14736028880041832;0.09557315993061272
GO:0033138;0.5473041142684031;0.06901641438639028;0.07017263604069093;0.0;0.4797350171970439;0.0;0.0;0.10247535899023928;0.06949705623187538;0.0;0.06611794187775001;0.5859444453588937;0.0;0.0;0.0;0.20870021127929053;0.2137183341777067;0.1237551064189484;1.0;0.0;0.18940805054331977;0.07798929117335203;0.22141035493517816;0.22141035493517816;0.0;0.08715395662990029;0.09648392524167922;0.08913164135632826;0.0751093627406264;0.08715395662990029;0.0;0.0;0.22513920795144285;0.08861931592505735;0.3100926965364016;0.1733808013705975;0.10839521683337583;0.22721252215360602;0.0;0.0;0.0;0.2122625926605966;0.19582532419906434;0.20812502165210275;0.05635334037172908;0.09216232171388215;0.0;0.25499948235587105;0.22423428012275098;0.20173713359655784;0.0;0.060608202798149984;0.45140911936831785;0.20900537344409048;0.0;0.0;0.2150840557800722;0.11046312192188319;0.6322350657503842;0.0;0.22214186204001035;0.23759176553873776;0.10283426008614813;0.22681133161764383;0.0;0.0;0.10723039004754197;0.13056116637614468;0.08952421964997553;0.04805944944291943;0.18206145165792054;0.07692544501320679;0.0;0.0;0.0;0.19904778227493342;0.0;0.0;0.18609920694095972;0.0;0.0;0.180348658286329;0.0;0.08697754849832229;0.6386174750998616;0.19904778227493342
GO:0070839;0.0;0.0;0.0;0.0;0.0;0.0;0.23475046496956853;0.0;0.0;0.0;0.0;0.0;0.21572066973499496;0.0;0.2770111063621504;0.0;0.0;0.0;0.0;1.0;0.0;0.0;0.0;0.0;0.2265422588420655;0.0;0.0;0.0;0.0;0.0;0.0;0.0;0.0;0.0;0.0;0.0;0.0;0.0;0.0;0.0;0.0;0.0;0.0;0.0;0.0;0.0;0.0;0.0;0.0;0.0;0.0;0.0;0.0;0.0;0.0;0.0;0.0;0.0;0.0;0.0;0.0;0.0;0.0;0.0;0.0;0.35438570070059994;0.0;0.0;0.0;0.0;0.0;0.0;0.4732745288528547;0.38037248617993263;0.0;0.0;0.1954949830050504;0.0;0.0;0.0;0.0;0.0;0.0;0.0;0.0;0.0
GO:0046827;0.18463119485636148;0.054388701518186054;0.05520322069739838;0.0;0.1745173980702585;0.0;0.0;0.07686209078107331;0.06027053960254345;0.0;0.05771258540536921;0.19587375520719727;0.0;0.0;0.0;0.18202810586682017;0.1698708797982908;0.09006107487304346;0.18940805054331977;0.0;1.0;0.060635977711982265;0.17523257806508816;0.17523257806508816;0.0;0.06684622823664489;0.07299851139424396;0.06816442432664378;0.05864918612382738;0.06684622823664489;0.0;0.0;0.17781530225420059;0.06782367734741562;0.1755786191600674;0.15456556371475855;0.08061453777373888;0.47232668377966225;0.0;0.0;0.0;0.168850975603436;0.7250309568841068;0.43727071407573925;0.05013050866920169;0.07016967824096905;0.0;0.1981185481953417;0.19373400095677507;0.2758714349539059;0.0;0.053469724658358087;0.23818437475564552;0.18226020881667532;0.0;0.0;0.17082620991117264;0.08191041227180029;0.20907661148729906;0.0;0.19217010547120628;0.18636348586944618;0.0858677459980477;0.1789700037690531;0.0;0.0;0.07988120915155274;0.09411837818413486;0.06842518065174204;0.04345876494764459;0.16142711775250584;0.0657792812157772;0.0;0.0;0.0;0.1595161500493429;0.0;0.0;0.16459352454250542;0.0;0.0;0.14606754509470524;0.0;0.07452314163626789;0.21087475159183963;0.27260568004381464
GO:0007263;0.07603842196806042;0.06139759641738171;0.06231094513540419;0.02536058982285684;0.07190523098775634;0.0;0.028733952682755182;0.22917559474623575;0.05976805595784252;0.02542763873878475;0.0572516855958364;0.08062857826039145;0.0;0.0;0.0;0.06597950133406383;0.07000510814587257;0.5199855873130826;0.07798929117335203;0.0;0.060635977711982265;1.0;0.07219762376875083;0.07219762376875083;0.027512511390033093;0.07534702490600065;0.2177571867445891;0.39460084677282375;0.17525593128460665;0.19955277217957673;0.0;0.0;0.07325338602931719;0.20244681991396313;0.07233909190525115;0.056093128057873885;0.09071549498385774;0.07383842008629447;0.025074415250196807;0.019760024566423645;0.023481019219191282;0.0695879295749403;0.06242833327176056;0.06839828790317212;0.04978239138479277;0.20939011362632046;0.025650213127248994;0.08154454628153734;0.2112278693732507;0.06655016501606317;0.025061800352409593;0.053073869398524806;0.0978626222050437;0.19881857024791955;0.0;0.02359801775940709;0.07039583946830458;0.24407936622621257;0.08601328701296465;0.022749758445447812;0.20953720177302648;0.07674598508334764;0.08497987003696031;0.07372532542994607;0.0;0.0;0.23809088535289627;0.2800451885005679;0.2042274216627992;0.043196899812613355;0.1762547351342873;0.06518120131897576;0.0;0.0;0.0;0.0657678948793618;0.0;0.018860318009640803;0.059705920135141484;0.0;0.026760530970523094;0.06025886400317226;0.0;0.07385346033041708;0.08674616350252631;0.0657678948793618
GO:0060999;0.215527720961546;0.06444168885358036;0.42246729753709955;0.0;0.20312628886579484;0.0;0.0;0.09270382313071286;0.06357656120002332;0.0;0.06073689824016173;0.2293988028958559;0.0;0.0;0.0;0.41521101078659384;0.42996107029443026;0.10978065744987592;0.22141035493517816;0.0;0.17523257806508816;0.07219762376875083;1.0;0.6922201503770335;0.0;0.07998370552127355;0.0877730482424699;0.08164625991489138;0.06972276648428098;0.07998370552127355;0.0;0.0;0.45110306769132585;0.08121616491854916;0.18448639386273236;0.16142711775250584;0.09752199086035374;0.4549227730712405;0.0;0.0;0.0;0.4272538795586129;0.18071135428694754;0.19266917013903925;0.052396771154452855;0.0841820338452577;0.0;0.2321792952296722;0.20463639771894415;0.18718230638943398;0.0;0.05605574320785773;0.282424372525202;0.19187741613513698;0.0;0.0;0.1986182222086247;0.09919263971280257;0.24580468767096028;0.0;0.2028923251506084;0.5183776944253614;0.09180021950082769;0.20857708764228258;0.0;0.0;0.09657811554060974;0.11510336325243821;0.08197554681392011;0.04515175978830506;0.16892617545607613;0.06973710651774032;0.0;0.0;0.0;0.18486478719353325;0.0;0.0;0.17239676726794492;0.0;0.0;0.3671909355048288;0.0;0.3551649367985011;0.24804884351741402;0.18486478719353325
GO:0045773;0.215527720961546;0.06444168885358036;0.5663035543970468;0.0;0.20312628886579484;0.0;0.0;0.09270382313071286;0.06357656120002332;0.0;0.06073689824016173;0.2293988028958559;0.0;0.0;0.0;0.41521101078659384;0.42996107029443026;0.10978065744987592;0.22141035493517816;0.0;0.17523257806508816;0.07219762376875083;0.6922201503770335;1.0;0.0;0.07998370552127355;0.0877730482424699;0.08164625991489138;0.06972276648428098;0.07998370552127355;0.0;0.0;0.45110306769132585;0.08121616491854916;0.18448639386273236;0.16142711775250584;0.09752199086035374;0.4549227730712405;0.0;0.0;0.0;0.4531558852568338;0.18071135428694754;0.19266917013903925;0.052396771154452855;0.0841820338452577;0.0;0.2321792952296722;0.20463639771894415;0.18718230638943398;0.0;0.05605574320785773;0.282424372525202;0.19187741613513698;0.0;0.0;0.1986182222086247;0.09919263971280257;0.24580468767096028;0.0;0.2028923251506084;0.5183776944253614;0.09180021950082769;0.20857708764228258;0.0;0.0;0.09657811554060974;0.11510336325243821;0.08197554681392011;0.04515175978830506;0.16892617545607613;0.06973710651774032;0.0;0.0;0.0;0.18486478719353325;0.0;0.0;0.17239676726794492;0.0;0.0;0.3671909355048288;0.0;0.3551649367985011;0.24804884351741402;0.18486478719353325
GO:0043312;0.0;0.0;0.0;0.03548135048181739;0.0;0.0;0.9344049064488043;0.03791734503010707;0.0;0.03561273125147276;0.030863578270066177;0.0;0.3664643961736379;0.0;0.2148066168652466;0.0;0.0;0.04782236114521608;0.0;0.2265422588420655;0.0;0.027512511390033093;0.0;0.0;1.0;0.031291281570083755;0.03527854040242327;0.03212438432269164;0.026352129467078544;0.031291281570083755;0.5171442511785178;0.0;0.0;0.031907952198834036;0.0;0.0;0.0;0.0;0.034923701026438846;0.025406642781729216;0.031907952198834036;0.0;0.0;0.0;0.0;0.033413568154634116;0.03605085728233735;0.0;0.6689647879612743;0.0;0.034899234246507205;0.027904513025113844;0.0;0.43913534238779645;0.0;0.03212438432269164;0.0;0.041535143764230266;0.0;0.03057255868056386;0.4717157228564273;0.0;0.0;0.42858249521600467;0.0;0.24417711788749888;0.040056953034698584;0.051178496915368875;0.03229052120694819;0.021458197157809184;0.3744172673114312;0.03691302166068079;0.23963432600651885;0.23963432600651885;0.5763566826339191;0.0;0.5065897724233881;0.5647513924706705;0.0;0.0;0.539942627968847;0.0;0.4635406041683852;0.0;0.0;0.0
GO:0045454;0.08472478789269494;0.06693907433949718;0.06802619257744044;0.02853723028483751;0.07962500315692593;0.0;0.03288098134048466;0.09796147629918756;0.06677856563307187;0.028622156260740023;0.5441045149598825;0.09046314467395002;0.0;0.0;0.0;0.07339950249478215;0.07730157490010064;0.11723156834451996;0.08715395662990029;0.0;0.06684622823664489;0.07534702490600065;0.07998370552127355;0.07998370552127355;0.031291281570083755;1.0;0.09247210729749258;0.08569706367046433;0.07265556665158078;0.08386729319675622;0.0;0.0;0.0812815086046321;0.0852233562456071;0.28008483953396573;0.06136722319707601;0.10335756790598116;0.08200243269990737;0.028175385295755702;0.02163663483905982;0.02617919421005247;0.07679321703223921;0.06903114048106884;0.07534702490600065;0.3812976000106211;0.08849501111723637;0.028904478877308362;0.09161778805944497;0.08936529256350667;0.07311045701735222;0.02815945826512027;0.500317736513688;0.11273854078703509;0.08352397545185981;0.0;0.026324709233402892;0.07777827821410081;0.10523606290669221;0.09729722038323348;0.02527346251822109;0.08856459857435622;0.08560417861597226;0.09770070398953418;0.0818629702705181;0.0;0.0;0.10229796625589639;0.12332134624224629;0.08605990826290434;0.3995647520976901;0.07311045701735222;0.6292079346400649;0.0;0.0;0.0;0.0721674508407316;0.0;0.02056256764078293;0.06571767729436781;0.0;0.030322188550768986;0.06558777375215778;0.0;0.08327660083077144;0.09823604893503576;0.0721674508407316
GO:0007188;0.09351568195877956;0.0723095596143837;0.07357976820902962;0.03181673197432882;0.0873412668483225;0.0;0.03731234954902101;0.29108422344710827;0.07391273311841494;0.031922335057749204;0.07010234710485684;0.10055609643334235;0.0;0.0;0.0;0.08088473105902703;0.08455358644251262;0.3569050992385567;0.09648392524167922;0.0;0.07299851139424396;0.2177571867445891;0.0877730482424699;0.0877730482424699;0.03527854040242327;0.09247210729749258;1.0;0.25081238310179965;0.20929669031752707;0.2449076839267785;0.0;0.0;0.08933841075533043;0.2492811813085651;0.08798222759330132;0.06651348119727922;0.1167457451761382;0.09021010557008301;0.031367596160601884;0.023470889970637565;0.028913154633778495;0.08394574672267804;0.07561197607153725;0.08222063764837241;0.05922224524707469;0.25989281302712003;0.03227391531939634;0.10198479370908409;0.2627299760741628;0.07956458239104884;0.031347856951369255;0.06393949091957193;0.1288567884024488;0.24380273603554314;0.0;0.029090752774123107;0.0851242588588874;0.31555761028845314;0.10907197063306999;0.027812346440598424;0.2601194482761698;0.09458818307712388;0.11142628539725286;0.09004135695631559;0.0;0.0;0.30561952798663305;0.37838402256167153;0.530431480080151;0.05013050866920169;0.21072275917001282;0.08237252848383321;0.0;0.0;0.0;0.07844900196876553;0.0;0.02221229118145525;0.0716547533893265;0.0;0.03405158299875707;0.0707352824998966;0.0;0.09304595593998866;0.11025315902538424;0.07844900196876553
GO:0007266;0.0865925829943522;0.06809962056088802;0.06922507795988793;0.02922851829687202;0.08127252531522038;0.0;0.033802128952951635;0.2660820381468554;0.06829103885620481;0.02931761503727987;0.06502543042457445;0.09259570120619993;0.0;0.0;0.0;0.07499190496435187;0.07885341473048998;0.6207031066913852;0.08913164135632826;0.0;0.06816442432664378;0.39460084677282375;0.08164625991489138;0.08164625991489138;0.03212438432269164;0.08569706367046433;0.25081238310179965;1.0;0.19605098374614127;0.22696432466212632;0.0;0.0;0.08299903268139489;0.23071553487132973;0.08182722583658378;0.06247639228086218;0.10615077738902211;0.08375088664467746;0.028849046811263025;0.022031708705166797;0.02675979751513024;0.07832451110526596;0.07043782373821927;0.07682063313575468;0.05555775319443151;0.23977666047418558;0.0296138950461624;0.0938057889276124;0.24218957956222462;0.07449707480205332;0.028832349284236287;0.059688921188117236;0.11606996793965318;0.22601504155601895;0.0;0.026911857334483952;0.07934951134790379;0.2863851598007202;0.09976855856141018;0.025814171192790808;0.23996955656198632;0.08751138444923182;0.10054249874094523;0.08360541885768445;0.0;0.0;0.2781757376702164;0.3371970137152988;0.2330309680884824;0.0474796078678862;0.197301722457725;0.07545056746556504;0.0;0.0;0.0;0.07351819864341962;0.0;0.020919068091574542;0.0669913154212903;0.0;0.03110384336312858;0.0667015471606305;0.0;0.08533240778282519;0.10075592706595018;0.07351819864341962
GO:0048012;0.07329824071132221;0.05959856069666081;0.06045879382841808;0.024371366747052696;0.06945003809008121;0.0;0.02747061692506122;0.21982361203465575;0.0575644937945887;0.024433280630625713;0.055226623899512925;0.07755427034540745;0.0;0.0;0.0;0.06363388276783323;0.06767585792175514;0.25539292129917324;0.0751093627406264;0.0;0.05864918612382738;0.17525593128460665;0.06972276648428098;0.06972276648428098;0.026352129467078544;0.07265556665158078;0.20929669031752707;0.19605098374614127;1.0;0.5541535599630248;0.0;0.0;0.0707068951991919;0.5618991750442373;0.06985469323827521;0.054388701518186054;0.0868423335003293;0.07125181014331403;0.024106965613491845;0.019154254597201287;0.022630534039172655;0.06728590139753303;0.06032438723102933;0.06617303721314609;0.04824415889286643;0.3268020614884401;0.02463871734313314;0.0784013527513156;0.32956208325754105;0.06444168885358036;0.024095305154783614;0.05132906949168079;0.09337022746264595;0.3108899842732849;0.0;0.02273919105887121;0.06804095273256552;0.3785959526148247;0.08252352384796391;0.021950519573941625;0.3270230316194525;0.07395550568218885;0.08112821044847811;0.07114649461741367;0.0;0.0;0.6566431850873061;0.4316263400510448;0.19676759691667986;0.042033967468315836;0.2767250587005408;0.06256913616119779;0.0;0.0;0.0;0.06370792878581515;0.0;0.018307684229438067;0.05777864084202347;0.0;0.025661447005614003;0.0585250000880146;0.0;0.07092700170738171;0.08319790453028489;0.06370792878581515
GO:0048010;0.08472478789269494;0.06693907433949718;0.06802619257744044;0.02853723028483751;0.07962500315692593;0.0;0.03288098134048466;0.2594459991843677;0.06677856563307187;0.028622156260740023;0.06365269475441498;0.09046314467395002;0.0;0.0;0.0;0.07339950249478215;0.07730157490010064;0.31048186015696794;0.08715395662990029;0.0;0.06684622823664489;0.19955277217957673;0.07998370552127355;0.07998370552127355;0.031291281570083755;0.08386729319675622;0.2449076839267785;0.22696432466212632;0.5541535599630248;1.0;0.0;0.0;0.0812815086046321;0.6500097436714815;0.08015736866109967;0.06136722319707601;0.10335756790598116;0.08200243269990737;0.028175385295755702;0.02163663483905982;0.02617919421005247;0.07679321703223921;0.06903114048106884;0.07534702490600065;0.054552566456402204;0.3800146703442838;0.028904478877308362;0.09161778805944497;0.38375182696741844;0.07311045701735222;0.02815945826512027;0.058530247933843545;0.11273854078703509;0.358668083053107;0.0;0.026324709233402892;0.07777827821410081;0.45190398022366896;0.09729722038323348;0.02527346251822109;0.38031349232581296;0.08560417861597226;0.09770070398953418;0.0818629702705181;0.0;0.0;0.7802400392737008;0.5295656799972164;0.22792530015362192;0.04674354375054762;0.3139504235483131;0.07360861654245406;0.0;0.0;0.0;0.0721674508407316;0.0;0.02056256764078293;0.06571767729436781;0.0;0.030322188550768986;0.06558777375215778;0.0;0.08327660083077144;0.09823604893503576;0.0721674508407316
GO:0002369;0.0;0.0;0.0;0.0;0.0;0.26038315336218076;0.0;0.0;0.0;0.0;0.0;0.0;0.0;0.19963916496533962;0.0;0.0;0.0;0.0;0.0;0.0;0.0;0.0;0.0;0.0;0.5171442511785178;0.0;0.0;0.0;0.0;0.0;1.0;0.0;0.0;0.0;0.0;0.0;0.0;0.0;0.0;0.0;0.0;0.0;0.0;0.0;0.21472511480443907;0.0;0.0;0.0;0.4630331057043742;0.0;0.0;0.0;0.0;0.3115612829150907;0.1624620199450083;0.1816070755531566;0.0;0.0;0.0;0.0;0.32761535233998484;0.0;0.0;0.30621191586173313;0.18056738995306856;0.0;0.0;0.0;0.0;0.0;0.2775267591112905;0.0;0.0;0.0;0.49353650142721583;0.0;0.0;0.36014802507719096;0.0;0.2013693955290527;0.35913248016687477;0.0;0.4260855349035656;0.0;0.0;0.0
GO:0045342;0.0;0.0;0.0;0.11715491599722376;0.0;0.0;0.0;0.1215857282078416;0.0;0.0;0.0;0.0;0.0;0.0;0.0;0.0;0.0;0.0;0.0;0.0;0.0;0.0;0.0;0.0;0.0;0.0;0.0;0.0;0.0;0.0;0.0;1.0;0.0;0.0;0.0;0.0;0.0;0.0;0.11610332219056299;0.0;0.11015717849411376;0.0;0.0;0.0;0.0;0.0;0.0;0.0;0.0;0.0;0.08042709966827503;0.0;0.0;0.0;0.0;0.0;0.0;0.0;0.0;0.0;0.0;0.0;0.0;0.0;0.0;0.0;0.0;0.0;0.0;0.0;0.0;0.0;0.0;0.0;0.0;0.0;0.0;0.0;0.0;0.0;0.0;0.0;0.0;0.0;0.0;0.0
GO:0051496;0.21905948269805356;0.06528148223165983;0.28298380630153747;0.0;0.20626035456742736;0.0;0.0;0.09445174967600527;0.06464536701045452;0.0;0.06171162743918084;0.23340401643012434;0.0;0.0;0.0;0.19471283348554325;0.7313775322984433;0.11224040523914947;0.22513920795144285;0.0;0.17781530225420059;0.07325338602931719;0.45110306769132585;0.45110306769132585;0.0;0.0812815086046321;0.08933841075533043;0.08299903268139489;0.0707068951991919;0.0812815086046321;0.0;0.0;1.0;0.0825546061703084;0.18735133150120797;0.16361637760667253;0.09945822916068679;0.4621450961414836;0.0;0.0;0.0;0.43361823515438547;0.1834593711177009;0.195486615201483;0.053120593203753556;0.08562088089744381;0.0;0.23628305825926543;0.20816733093387782;0.18984045813694247;0.0;0.05688498683773112;0.28851979755409357;0.1949784355857333;0.0;0.0;0.20161369460019773;0.10119646717712417;0.2504090164339016;0.0;0.20636281769371578;0.22126167559228269;0.09375253296019197;0.211882981281022;0.0;0.0;0.09847669027216775;0.11781035545970546;0.08333934443235604;0.04568822721265829;0.17132507424704566;0.07102517998390256;0.0;0.0;0.0;0.18745706905037113;0.0;0.0;0.17489597864368536;0.0;0.0;0.37188185330587914;0.0;0.0803909395733511;0.2527384315767246;0.18745706905037113
GO:0048013;0.08610895145798445;0.06780014531257046;0.06891564477017115;0.029049239248283443;0.08084634853796568;0.0;0.03356258378384734;0.2643593597392776;0.06789924006527702;0.029137244709379416;0.06467010908756464;0.09204290284264816;0.0;0.0;0.0;0.07457968611473768;0.07845216839979591;0.31754467850177054;0.08861931592505735;0.0;0.06782367734741562;0.20244681991396313;0.08121616491854916;0.08121616491854916;0.031907952198834036;0.0852233562456071;0.2492811813085651;0.23071553487132973;0.5618991750442373;0.6500097436714815;0.0;0.0;0.0825546061703084;1.0;0.08139522719189178;0.062190020937943784;0.10542491871537256;0.08329839386056433;0.028674378765410288;0.02192969260898353;0.026609446405460382;0.07792861587242146;0.0700740294044619;0.07643975784245786;0.05529816207592622;0.3865040238061054;0.029429872140563668;0.09323849191360813;0.39037055530602793;0.07413883766130161;0.028657882760567;0.059389393428794686;0.1152026705721074;0.3644433195451975;0.0;0.02675979751513024;0.07894321335796155;0.46111055916778804;0.09912709543667841;0.02567423063535463;0.38681314279687007;0.08701746446755527;0.09980291761094925;0.08315449235571279;0.0;0.0;0.7956831861834827;0.5422529685538283;0.23170860789399628;0.047289889281872693;0.3183664886627764;0.07497259868205579;0.0;0.0;0.0;0.07316929192947007;0.0;0.020827074288089328;0.06666216770412631;0.0;0.030900900785912917;0.06641421610033017;0.0;0.08479907531079957;0.10010174614550647;0.07316929192947007
GO:0048255;0.3018358054051997;0.18690452380228023;0.18983010158506936;0.0;0.2844323374448204;0.0;0.0;0.0929371957417515;0.06371951015337719;0.0;0.2770635423171085;0.3213068998702968;0.0;0.0;0.0;0.19203405669902454;0.17855304100583622;0.11010807932446576;0.3100926965364016;0.0;0.1755786191600674;0.07233909190525115;0.18448639386273236;0.18448639386273236;0.0;0.28008483953396573;0.08798222759330132;0.08182722583658378;0.06985469323827521;0.08015736866109967;0.0;0.0;0.18735133150120797;0.08139522719189178;1.0;0.16172073624215444;0.09778028618124185;0.1889410959648379;0.0;0.0;0.0;0.17742656289186787;0.18107939483858707;0.17421860459009114;0.23894790755200862;0.08437442847007887;0.0;0.21002951820211943;0.20510846910082864;0.1692477347098484;0.0;0.2556671923142239;0.5103339113250995;0.19229239613923746;0.0;0.0;0.17960882469442968;0.09945987267332917;0.34434323896797203;0.0;0.20335637497075928;0.1968654872067844;0.09206034701845532;0.18863365119143818;0.0;0.0;0.09683142869498555;0.11546335692686707;0.08215797701447075;0.20585535457694507;0.1692477347098484;0.3182210776567143;0.0;0.0;0.0;0.1671483255382715;0.0;0.0;0.17273168823264315;0.0;0.0;0.15244134093957587;0.0;0.24091457954768056;0.34749497060584655;0.1671483255382715
GO:0002606;0.169369594501782;0.050705289685758395;0.051412502663044216;0.0;0.1608199924846809;0.0;0.0;0.06970607718877653;0.05517835974545515;0.0;0.05302666692967224;0.17878297252146583;0.0;0.0;0.0;0.1671765059052353;0.15686597332052934;0.08039093957335108;0.1733808013705975;0.0;0.15456556371475855;0.056093128057873885;0.16142711775250584;0.16142711775250584;0.0;0.06136722319707601;0.06651348119727922;0.06247639228086218;0.054388701518186054;0.06136722319707601;0.0;0.0;0.16361637760667253;0.062190020937943784;0.16172073624215444;1.0;0.07277836532340909;0.16482755051735593;0.0;0.0;0.0;0.1559958542786361;0.1588125497379012;0.15351062173749877;0.04655683090094079;0.3836278405545217;0.0;0.18065125285570927;0.4456638098628724;0.14963808477992283;0.0;0.04942331638281386;0.21338008989744883;0.4214256238665492;0.0;0.0;0.15768027653148273;0.07383290448711412;0.18971802688367184;0.0;0.4423747160907955;0.17082620991117264;0.46062123446452147;0.41442906428128157;0.0;0.0;0.0721801456539469;0.08360816668300664;0.06269537638195354;0.04074728776037275;0.37677285074584826;0.05976018953556855;0.0;0.0;0.0;0.14799462051348597;0.0;0.0;0.383613759336464;0.0;0.0;0.13634766340210666;0.0;0.06777691012300327;0.19119742179820834;0.14799462051348597
GO:0010469;0.39124623572791406;0.07879904803538271;0.2507319014080004;0.0;0.09698925804186041;0.0;0.0;0.12563373794196575;0.39663770878665844;0.0;0.07824010153676099;0.4245112637050872;0.0;0.0;0.0;0.09034179507829636;0.09356376729040032;0.15919317023969592;0.10839521683337583;0.0;0.08061453777373888;0.09071549498385774;0.09752199086035374;0.09752199086035374;0.0;0.10335756790598116;0.1167457451761382;0.10615077738902211;0.0868423335003293;0.10335756790598116;0.0;0.0;0.09945822916068679;0.10542491871537256;0.09778028618124185;0.07277836532340909;1.0;0.10053978695657159;0.0;0.0;0.0;0.09282005005823396;0.08381373186526268;0.28321887504027016;0.06492722814618747;0.34491673216136054;0.0;0.43133533843938243;0.34916167817501864;0.08749300708163268;0.0;0.07064093211961833;0.15102017048905286;0.3210617525416965;0.0;0.0;0.09426304659662532;0.13785503559408396;0.4567730006908554;0.0;0.3452553938240333;0.10600829933313534;0.46192060514136674;0.10033022485857103;0.0;0.0;0.13285653173174514;0.17063544303023126;0.10670805838277425;0.054158728740300664;0.2731580866527795;0.09384136401984078;0.0;0.0;0.0;0.3220264121155249;0.0;0.0;0.28019417683481135;0.0;0.0;0.07693316698224824;0.0;0.10578452713576028;0.46242993626034395;0.0861459014958338
GO:0050766;0.22102184404976882;0.06574570715869288;0.28502822937174477;0.0;0.2079991926185097;0.0;0.0;0.09542662849931983;0.0652396163316577;0.0;0.06225293830511257;0.23563309998647122;0.0;0.0;0.0;0.1964305567394859;0.4399808374554991;0.11361975409847225;0.22721252215360602;0.0;0.47232668377966225;0.07383842008629447;0.4549227730712405;0.4549227730712405;0.0;0.08200243269990737;0.09021010557008301;0.08375088664467746;0.07125181014331403;0.08200243269990737;0.0;0.0;0.4621450961414836;0.08329839386056433;0.1889410959648379;0.16482755051735593;0.10053978695657159;1.0;0.0;0.0;0.0;0.4371464162442567;0.4874434449365615;0.46859225865517207;0.053521191018683335;0.08642121460148655;0.0;0.23856774167389794;0.2101318398655739;0.29505684528847625;0.0;0.05734461880129198;0.2919336241992912;0.19670086895533476;0.0;0.0;0.20327475413625012;0.10231637308889452;0.252976525059249;0.0;0.20829325735438095;0.22326387059304975;0.09484542621275777;0.2137183341777067;0.0;0.0;0.09953689215090299;0.11933092938311833;0.08409740467853194;0.04598425559910885;0.17265352650963683;0.07174316063246576;0.0;0.0;0.0;0.18889222012201212;0.0;0.0;0.17628060928314832;0.0;0.0;0.37447390076693987;0.0;0.08119318084813885;0.25535418006933797;0.2913241364383261
GO:0018105;0.0;0.0;0.0;0.6523117094272922;0.0;0.0;0.0369156478790159;0.6918042965063573;0.0;0.03163152082248761;0.027828147386094473;0.0;0.0;0.0;0.0;0.0;0.0;0.040908313499199704;0.0;0.0;0.0;0.025074415250196807;0.0;0.0;0.034923701026438846;0.028175385295755702;0.031367596160601884;0.028849046811263025;0.024106965613491845;0.028175385295755702;0.0;0.11610332219056299;0.0;0.028674378765410288;0.0;0.0;0.0;0.0;1.0;0.023313297955699884;0.6011606647488572;0.0;0.0;0.0;0.0;0.029884510310005462;0.03197668979927331;0.0;0.030207911232185313;0.0;0.1457111633575599;0.025399608128032485;0.0;0.02804929356160471;0.0;0.028849046811263025;0.0;0.03621851714667304;0.0;0.02759133675389951;0.029910346112807105;0.0;0.0;0.0;0.0;0.0;0.035089388790809535;0.04333948918528468;0.028982962183210382;0.019945577875110712;0.02427007326713173;0.03265316784366465;0.0;0.0;0.0;0.0;0.0;0.022071096543193832;0.0;0.0;0.03372088074683602;0.0;0.0;0.0;0.0;0.0
GO:0071800;0.0;0.0;0.0;0.02356048679189128;0.0;0.0;0.026444728918393882;0.024610369148595195;0.0;0.023618344348297036;0.021431277255690676;0.0;0.0;0.0;0.0;0.0;0.0;0.028432641087379005;0.0;0.0;0.0;0.019760024566423645;0.0;0.0;0.025406642781729216;0.02163663483905982;0.023470889970637565;0.022031708705166797;0.019154254597201287;0.02163663483905982;0.0;0.0;0.0;0.02192969260898353;0.0;0.0;0.0;0.0;0.023313297955699884;1.0;0.02192969260898353;0.0;0.0;0.0;0.0;0.022630534039172655;0.20121526112437027;0.0;0.02281550317498554;0.0;0.02330239247325359;0.019961425850583678;0.0;0.02156219976803395;0.0;0.022031708705166797;0.0;0.026085059085976706;0.0;0.3000877715064581;0.02264534653196818;0.0;0.0;0.0;0.0;0.0;0.02549421842918147;0.02958616570733876;0.022109725431620677;0.016430515760039975;0.019257083802776378;0.024183308172272374;0.0;0.0;0.0;0.0;0.0;0.017846288321375487;0.0;0.0;0.02476402882588814;0.0;0.0;0.0;0.0;0.0
GO:0018107;0.0;0.0;0.0;0.6010295964512643;0.0;0.0;0.03356258378384734;0.63439795049247;0.0;0.029137244709379416;0.025879154093105303;0.0;0.0;0.0;0.0;0.0;0.0;0.03683077216041623;0.0;0.0;0.0;0.023481019219191282;0.0;0.0;0.031907952198834036;0.02617919421005247;0.028913154633778495;0.02675979751513024;0.022630534039172655;0.02617919421005247;0.0;0.11015717849411376;0.0;0.026609446405460382;0.0;0.0;0.0;0.0;0.6011606647488572;0.02192969260898353;1.0;0.0;0.0;0.0;0.0;0.027648405254191526;0.029429872140563668;0.0;0.02792499598353303;0.0;0.13441026677808673;0.02376596059175926;0.0;0.026070301912363356;0.0;0.02675979751513024;0.0;0.03298535285949195;0.0;0.02567423063535463;0.027670517953159748;0.0;0.0;0.0;0.0;0.0;0.032046203712445424;0.038789841505985884;0.026874980192443734;0.018924080213231;0.022774214900071033;0.030001919919855992;0.0;0.0;0.0;0.0;0.0;0.020827074288089328;0.0;0.0;0.030900900785912917;0.0;0.0;0.0;0.0;0.0
GO:0060143;0.2068500679211187;0.06235447317662384;0.27010400061706186;0.0;0.19540062925856752;0.0;0.0;0.08844486782712574;0.06095425904611921;0.0;0.058339198961706966;0.21959364931426853;0.0;0.0;0.0;0.1840150713321691;0.41404785870365624;0.10385823264421895;0.2122625926605966;0.0;0.168850975603436;0.0695879295749403;0.4272538795586129;0.4531558852568338;0.0;0.07679321703223921;0.08394574672267804;0.07832451110526596;0.06728590139753303;0.07679321703223921;0.0;0.0;0.43361823515438547;0.07792861587242146;0.17742656289186787;0.1559958542786361;0.09282005005823396;0.4371464162442567;0.0;0.0;0.0;1.0;0.17393218145280348;0.18570484654511268;0.05060261943540509;0.0806552032145233;0.0;0.22214020994247632;0.1959863209003512;0.1806022235024826;0.0;0.054007162325109555;0.26770780000547983;0.18425227237478162;0.0;0.0;0.1912254346842491;0.09433223565018599;0.23458122446715154;0.0;0.19438600103728712;0.44012842331694385;0.08708164890865341;0.20043954126883792;0.0;0.0;0.09196459771849017;0.10860970473242024;0.07862749949849732;0.04381312964590267;0.16298785651067277;0.06659454200386307;0.0;0.0;0.0;0.17844383807921116;0.0;0.0;0.16621639961913287;0.0;0.0;0.35552186077446124;0.0;0.07543577375734864;0.23662427064631755;0.17844383807921116
GO:0090314;0.19072365812429165;0.05582637465823517;0.05668486366928407;0.0;0.17995085095127414;0.0;0.0;0.07976502185950622;0.062309034809602565;0.0;0.05957904085678465;0.20274457835540202;0.0;0.0;0.0;0.1879472328515961;0.1750145896325745;0.09407262700508316;0.19582532419906434;0.0;0.7250309568841068;0.06242833327176056;0.18071135428694754;0.18071135428694754;0.0;0.06903114048106884;0.07561197607153725;0.07043782373821927;0.06032438723102933;0.06903114048106884;0.0;0.0;0.1834593711177009;0.0700740294044619;0.18107939483858707;0.1588125497379012;0.08381373186526268;0.4874434449365615;0.0;0.0;0.0;0.17393218145280348;1.0;0.4501961195045858;0.051532803961283055;0.07258116833552572;0.0;0.20515058554700077;0.20045295357460002;0.28379770083797257;0.0;0.05506803503410056;0.24842168935674638;0.18819468637367062;0.0;0.0;0.17602882340072498;0.08521539517071378;0.21692345959827303;0.0;0.19877916969072237;0.192572732188261;0.08950688416365071;0.18468879260302654;0.0;0.0;0.08302132997570057;0.0985083266209171;0.07071629897413016;0.04450873329167275;0.16606519946045317;0.0682149735520456;0.0;0.0;0.0;0.1640435310012793;0.0;0.0;0.16941806249399247;0.0;0.0;0.14985464901251128;0.0;0.0772489530104785;0.21885972939267662;0.280342763485449
GO:2001275;0.33512617383021653;0.06139759641738171;0.19453827361120013;0.0;0.19188888026898346;0.0;0.0;0.08653199380088293;0.05976805595784252;0.0;0.0572516855958364;0.35535649260481894;0.0;0.0;0.0;0.1805667578615364;0.18681814425306442;0.10123045189980398;0.20812502165210275;0.0;0.43727071407573925;0.06839828790317212;0.19266917013903925;0.19266917013903925;0.0;0.07534702490600065;0.08222063764837241;0.07682063313575468;0.06617303721314609;0.07534702490600065;0.0;0.0;0.195486615201483;0.07643975784245786;0.17421860459009114;0.15351062173749877;0.28321887504027016;0.46859225865517207;0.0;0.0;0.0;0.18570484654511268;0.4501961195045858;1.0;0.04978239138479277;0.24683414417422173;0.0;0.35939346299863373;0.35150767708171793;0.27390556515955594;0.0;0.053073869398524806;0.2611597061458567;0.3308571638577762;0.0;0.0;0.18786086388441173;0.09215935156008564;0.2295381449505791;0.0;0.3486942100774089;0.20480709039501277;0.30148386510733916;0.19674604962506356;0.0;0.0;0.08989822427739962;0.10573930676227149;0.07711207646199819;0.043196899812613355;0.2933083248225605;0.06518120131897576;0.0;0.0;0.0;0.289860604695958;0.0;0.0;0.2990197964926694;0.0;0.0;0.1608089673172536;0.0;0.07385346033041708;0.23149392545535763;0.27068591658544777
GO:0060586;0.05502446450228101;0.04492546505287154;0.04556206372025016;0.0;0.05219610472786332;0.25621526915753096;0.0;0.062126726168559215;0.056265827365420885;0.0;0.812544692075802;0.05814494905212062;0.0;0.0;0.0;0.05429842729047495;0.05088990368409095;0.07188958941604325;0.05635334037172908;0.0;0.05013050866920169;0.04978239138479277;0.052396771154452855;0.052396771154452855;0.0;0.3812976000106211;0.05922224524707469;0.05555775319443151;0.04824415889286643;0.054552566456402204;0.21472511480443907;0.0;0.053120593203753556;0.05529816207592622;0.23894790755200862;0.04655683090094079;0.06492722814618747;0.053521191018683335;0.0;0.0;0.0;0.05060261943540509;0.051532803961283055;0.04978239138479277;1.0;0.05708197196993121;0.0;0.05876507011625068;0.05755293557264966;0.048505218930194174;0.0;0.4603038489208346;0.06967143538505964;0.05436321805046968;0.0;0.0;0.051158810874951416;0.06588971881664497;0.06177827433090046;0.0;0.057119684496529786;0.05550688745936112;0.06881435429028444;0.05344377786637105;0.0;0.0;0.06438150774223218;0.07484201484352719;0.05575629008667184;0.5684056595432455;0.048505218930194174;0.5785458815146426;0.0;0.0;0.0;0.047963539666545055;0.0;0.0;0.04940114731196289;0.0;0.0;0.04413053307145662;0.0;0.060370964506213466;0.06227052019628245;0.047963539666545055
GO:0038095;0.2792688248572392;0.06985469323827521;0.22178904301431354;0.030291903331400197;0.08378478027826483;0.0;0.03523248622023903;0.27632434724397853;0.0706085657030838;0.030387611610433803;0.0671232088291985;0.29931421224452204;0.0;0.0;0.0;0.07742614926963659;0.08121616491854916;0.33496696802706505;0.09216232171388215;0.0;0.07016967824096905;0.20939011362632046;0.0841820338452577;0.0841820338452577;0.033413568154634116;0.08849501111723637;0.25989281302712003;0.23977666047418558;0.3268020614884401;0.3800146703442838;0.0;0.0;0.08562088089744381;0.3865040238061054;0.08437442847007887;0.3836278405545217;0.34491673216136054;0.08642121460148655;0.029884510310005462;0.022630534039172655;0.027648405254191526;0.0806552032145233;0.07258116833552572;0.24683414417422173;0.05708197196993121;1.0;0.03070603020264959;0.30336603051109934;0.9227574814445667;0.07660248589583527;0.02986659301336515;0.061451839889202824;0.1212627750462417;0.7058951218766374;0.0;0.027810762230301295;0.08174253608293218;0.48363920313271314;0.10358123185739965;0.026640116887592328;0.7509854798514733;0.09043107671662681;0.7265238562019108;0.4539429702770715;0.0;0.0;0.469216467132828;0.5736782220007954;0.24084945054505502;0.04858838236676683;0.613682604430111;0.07828959918654432;0.0;0.0;0.0;0.23592717812427882;0.0;0.021458197157809184;0.47707590509591263;0.0;0.032310878764597;0.0683844064831006;0.0;0.08849841279620624;0.10464590990369918;0.0755678827572689
GO:0048812;0.0;0.0;0.0;0.03244356734186213;0.0;0.5436595651236241;0.03817737316058569;0.034468394247112795;0.0;0.03255337966068858;0.028539154027994652;0.0;0.0;0.0;0.0;0.0;0.0;0.04246347454779639;0.0;0.0;0.0;0.025650213127248994;0.0;0.0;0.03605085728233735;0.028904478877308362;0.03227391531939634;0.0296138950461624;0.02463871734313314;0.028904478877308362;0.0;0.0;0.0;0.029429872140563668;0.0;0.0;0.0;0.0;0.03197668979927331;0.20121526112437027;0.029429872140563668;0.0;0.0;0.0;0.0;0.03070603020264959;1.0;0.0;0.031047557583606403;0.0;0.03195617680893397;0.025990614037950673;0.0;0.028771792331908297;0.0;0.0296138950461624;0.0;0.03743225507823751;0.0;0.23907383989864225;0.03073330662083859;0.0;0.0;0.0;0.0;0.0;0.0362274397625689;0.04508894144326518;0.02975502266422451;0.020308210222587768;0.02480912545128923;0.03363646302370639;0.0;0.0;0.0;0.0;0.0;0.022515997531319817;0.0;0.0;0.03477056560408781;0.0;0.0;0.0;0.0;0.0
GO:0043123;0.5662316392431725;0.07178612091057679;0.22802826480582916;0.0;0.2310471087605965;0.0;0.0;0.1087026696816653;0.0732019771037675;0.0;0.06946266752557201;0.608432989329043;0.0;0.0;0.0;0.21932526021693424;0.2237350984198138;0.13295331318071513;0.25499948235587105;0.0;0.1981185481953417;0.08154454628153734;0.2321792952296722;0.2321792952296722;0.0;0.09161778805944497;0.10198479370908409;0.0938057889276124;0.0784013527513156;0.09161778805944497;0.0;0.0;0.23628305825926543;0.09323849191360813;0.21002951820211943;0.18065125285570927;0.43133533843938243;0.23856774167389794;0.0;0.0;0.0;0.22214020994247632;0.20515058554700077;0.35939346299863373;0.05876507011625068;0.30336603051109934;0.0;1.0;0.43288285686946076;0.21063889535279137;0.0;0.06340691166488308;0.3394609550982326;0.40198451307163013;0.0;0.0;0.22523228853183574;0.11773352225975725;0.2879067651096492;0.0;0.428623843640876;0.2500365215293849;0.39032437454515084;0.2381254881812085;0.0;0.0;0.11406830590981847;0.14084094665294475;0.09424072164487841;0.04980254021197056;0.347876024631303;0.08149073054555661;0.0;0.0;0.0;0.40791781965557306;0.0;0.0;0.3559395402125209;0.0;0.0;0.18742979701706056;0.0;0.09206437518622834;0.29099035139019297;0.20770869313655252
GO:0038096;0.39815593246038594;0.07039583946830458;0.22353655424492366;0.030624230742467257;0.20366173556990488;0.0;0.03568286447633679;0.27953382162457546;0.07133059384652021;0.030722053930769155;0.06777538602085124;0.4270395376871057;0.0;0.0;0.0;0.21396452692995915;0.19736170983800375;0.3396949020788301;0.22423428012275098;0.0;0.19373400095677507;0.2112278693732507;0.20463639771894415;0.20463639771894415;0.6689647879612743;0.08936529256350667;0.2627299760741628;0.24218957956222462;0.32956208325754105;0.38375182696741844;0.4630331057043742;0.0;0.20816733093387782;0.39037055530602793;0.20510846910082864;0.4456638098628724;0.34916167817501864;0.2101318398655739;0.030207911232185313;0.02281550317498554;0.02792499598353303;0.1959863209003512;0.20045295357460002;0.35150767708171793;0.05755293557264966;0.9227574814445667;0.031047557583606403;0.43288285686946076;1.0;0.18605479003687733;0.030189604165169002;0.0619980171143717;0.29599433731347746;0.7270213835592895;0.0;0.028090627330205935;0.19865244409756894;0.4897086590404945;0.2523372393200025;0.02689680826883635;0.7739452778275641;0.21997975910556852;0.7361870416245279;0.528132401818191;0.0;0.0;0.4749271856723302;0.5822379377735213;0.2432841189423039;0.04892919952270824;0.6312417003212825;0.07917824942534588;0.0;0.0;0.48733521569462285;0.33584520926907874;0.0;0.4277550353590555;0.5332512908814353;0.0;0.46104459604368503;0.16594308359169674;0.40416332389811105;0.08948875040895499;0.2549611487791219;0.1835208377452359
GO:1904754;0.19684189191192755;0.05990430059695317;0.06077344669460559;0.0;0.1864457411910966;0.0;0.0;0.08359506232215948;0.057936555134918515;0.0;0.05556898796092361;0.20834784493061978;0.0;0.0;0.0;0.17523257806508816;0.18165500802443213;0.09723407764771096;0.20173713359655784;0.0;0.2758714349539059;0.06655016501606317;0.18718230638943398;0.18718230638943398;0.0;0.07311045701735222;0.07956458239104884;0.07449707480205332;0.06444168885358036;0.07311045701735222;0.0;0.0;0.18984045813694247;0.07413883766130161;0.1692477347098484;0.14963808477992283;0.08749300708163268;0.29505684528847625;0.0;0.0;0.0;0.1806022235024826;0.28379770083797257;0.27390556515955594;0.048505218930194174;0.07660248589583527;0.0;0.21063889535279137;0.18605479003687733;1.0;0.0;0.05162468553374277;0.25117954407539494;0.17544766438461393;0.0;0.0;0.18264073628057664;0.08883534640748726;0.22179265004855772;0.0;0.18461195484502596;0.1986182222086247;0.08177379284094176;0.1910279707935914;0.0;0.0;0.08673252553429854;0.10138665683583246;0.07477112300486709;0.04223200580953978;0.1560600374584209;0.06300895071252056;0.0;0.0;0.0;0.17094589782696964;0.0;0.0;0.15901746423700164;0.0;0.0;0.15696862211697796;0.0;0.07141994476009819;0.22361814161073026;0.5024371548393419
GO:0022900;0.0;0.0;0.0;0.147777271296534;0.0;0.0;0.036888311566652884;0.15671807675104818;0.0;0.03161144815358625;0.027812610402638497;0.0;0.0;0.0;0.0;0.0;0.0;0.04087474690268517;0.0;0.0;0.0;0.025061800352409593;0.0;0.0;0.034899234246507205;0.02815945826512027;0.031347856951369255;0.028832349284236287;0.024095305154783614;0.02815945826512027;0.0;0.08042709966827503;0.0;0.028657882760567;0.0;0.0;0.0;0.0;0.1457111633575599;0.02330239247325359;0.13441026677808673;0.0;0.0;0.0;0.0;0.02986659301336515;0.03195617680893397;0.0;0.030189604165169002;0.0;1.0;0.02538666398488129;0.0;0.02803350872676169;0.0;0.028832349284236287;0.0;0.03619220317862366;0.0;0.027576063004502577;0.029892397832300802;0.0;0.0;0.0;0.0;0.0;0.035064689387832956;0.043301816154865655;0.028966109324033807;0.019937594986872375;0.024258254524047774;0.032631778044089996;0.0;0.0;0.0;0.0;0.0;0.022061322008323232;0.0;0.0;0.03369806973288275;0.0;0.0;0.0;0.0;0.0
GO:0007035;0.05907381425966188;0.047588838974717544;0.04830375621439229;0.02569329716516224;0.055826133754527635;0.0;0.029161804080842048;0.06733838030698189;0.06050698773077374;0.025762119246723437;0.5479873298784271;0.06268555621859823;0.0;0.0;0.0;0.05823779602710764;0.05433452898932113;0.0789611259234304;0.060608202798149984;0.0;0.053469724658358087;0.053073869398524806;0.05605574320785773;0.05605574320785773;0.027904513025113844;0.500317736513688;0.06393949091957193;0.059688921188117236;0.05132906949168079;0.058530247933843545;0.0;0.0;0.05688498683773112;0.059389393428794686;0.2556671923142239;0.04942331638281386;0.07064093211961833;0.05734461880129198;0.025399608128032485;0.019961425850583678;0.02376596059175926;0.054007162325109555;0.05506803503410056;0.053073869398524806;0.4603038489208346;0.061451839889202824;0.025990614037950673;0.06340691166488308;0.0619980171143717;0.05162468553374277;0.02538666398488129;1.0;0.07629322174793281;0.058312335451204886;0.0;0.0238858231549749;0.05464118136439342;0.07178176643103808;0.06692920740355417;0.02301712748014908;0.06149554975169844;0.05963021364973297;0.075266679493871;0.057255759338799415;0.0;0.0;0.06999541435832385;0.08253740675606033;0.059918142369470115;0.41226330435358216;0.05162468553374277;0.6249095613777048;0.0;0.0;0.0;0.05101153330377018;0.0;0.019043711450542553;0.052640764347775024;0.0;0.02713125246241167;0.04669779387121417;0.0;0.06528056887639083;0.06750734407041999;0.05101153330377018
GO:0045944;0.4344363781094097;0.08413656066341083;0.0858612175733499;0.0;0.3998862296105036;0.0;0.0;0.13977068257880557;0.09093383997127037;0.0;0.08523408743628896;0.47509036842661834;0.0;0.0;0.0;0.2695139139771843;0.27002753352343406;0.18259479521804664;0.45140911936831785;0.0;0.23818437475564552;0.0978626222050437;0.282424372525202;0.282424372525202;0.0;0.11273854078703509;0.1288567884024488;0.11606996793965318;0.09337022746264595;0.11273854078703509;0.0;0.0;0.28851979755409357;0.1152026705721074;0.5103339113250995;0.21338008989744883;0.15102017048905286;0.2919336241992912;0.0;0.0;0.0;0.26770780000547983;0.24842168935674638;0.2611597061458567;0.06967143538505964;0.1212627750462417;0.0;0.3394609550982326;0.29599433731347746;0.25117954407539494;0.0;0.07629322174793281;1.0;0.27002304829739876;0.0;0.0;0.27221140232283675;0.1550645380292968;0.5261514568386734;0.0;0.29235923805560066;0.30929393818889317;0.14780843199621613;0.29127165769445273;0.0;0.0;0.1487686304934647;0.19780914441817196;0.11673659157567579;0.05742021304164946;0.22668168029290026;0.10408527084755967;0.0;0.0;0.0;0.24702400117258297;0.0;0.0;0.23297534879588291;0.0;0.0;0.21886217203189642;0.0;0.11711867234702808;0.5334037813569908;0.24702400117258297
GO:0002223;0.4609316537760764;0.06672018258805129;0.211675865147514;0.02840788649847946;0.19102024991355981;0.0;0.03270938344594444;0.2582063048066381;0.06649505604432762;0.028492043237115558;0.06339505463958497;0.39694073318490064;0.0;0.0;0.0;0.2000553564915308;0.1854673870721011;0.30870813990922513;0.20900537344409048;0.0;0.18226020881667532;0.19881857024791955;0.19187741613513698;0.19187741613513698;0.43913534238779645;0.08352397545185981;0.24380273603554314;0.22601504155601895;0.3108899842732849;0.358668083053107;0.3115612829150907;0.0;0.1949784355857333;0.3644433195451975;0.19229239613923746;0.4214256238665492;0.3210617525416965;0.19670086895533476;0.02804929356160471;0.02156219976803395;0.026070301912363356;0.18425227237478162;0.18819468637367062;0.3308571638577762;0.05436321805046968;0.7058951218766374;0.028771792331908297;0.40198451307163013;0.7270213835592895;0.17544766438461393;0.02803350872676169;0.058312335451204886;0.27002304829739876;1.0;0.0;0.026214605578188978;0.1866067839035748;0.44958514965443963;0.23321466040102046;0.02517196004948178;0.7205355792646132;0.20530435241461376;0.6725709172170565;0.4944330089355184;0.0;0.0;0.4370957530722506;0.5263841681599583;0.22696797838202365;0.04660445552005365;0.5952541289670104;0.0732642964643977;0.0;0.0;0.4479066859968984;0.3169445095339964;0.0;0.2890631490697446;0.502201009522046;0.0;0.42560077103226673;0.15745286280311185;0.3766649299996011;0.08289215409632958;0.23545418455821898;0.17319265037313505
GO:0042832;0.0;0.0;0.0;0.0;0.0;0.0;0.0;0.0;0.0;0.0;0.0;0.0;0.0;0.3192344087791592;0.0;0.0;0.0;0.0;0.0;0.0;0.0;0.0;0.0;0.0;0.0;0.0;0.0;0.0;0.0;0.0;0.1624620199450083;0.0;0.0;0.0;0.0;0.0;0.0;0.0;0.0;0.0;0.0;0.0;0.0;0.0;0.0;0.0;0.0;0.0;0.0;0.0;0.0;0.0;0.0;0.0;1.0;0.18976485799921122;0.0;0.0;0.0;0.0;0.0;0.0;0.0;0.0;0.5820898258590178;0.0;0.0;0.0;0.0;0.0;0.0;0.0;0.0;0.0;0.5243444511122853;0.0;0.0;0.0;0.0;0.5508445054533584;0.0;0.0;0.5529018924693769;0.0;0.0;0.0
GO:0032869;0.0;0.0;0.0;0.02922851829687202;0.0;0.0;0.033802128952951635;0.030861820671044145;0.0;0.02931761503727987;0.02602134367284754;0.0;0.0;0.24251642881277938;0.0;0.0;0.0;0.037119441214618375;0.0;0.0;0.0;0.02359801775940709;0.0;0.0;0.03212438432269164;0.026324709233402892;0.029090752774123107;0.026911857334483952;0.02273919105887121;0.026324709233402892;0.1816070755531566;0.0;0.0;0.02675979751513024;0.0;0.0;0.0;0.0;0.028849046811263025;0.022031708705166797;0.02675979751513024;0.0;0.0;0.0;0.0;0.027810762230301295;0.0296138950461624;0.0;0.028090627330205935;0.0;0.028832349284236287;0.0238858231549749;0.0;0.026214605578188978;0.18976485799921122;1.0;0.0;0.033216700782110274;0.0;0.025814171192790808;0.027833135497250517;0.0;0.0;0.0;0.2149385122971614;0.0;0.0322645218399726;0.039110170083519975;0.02702835560804482;0.01900000024168065;0.02288425937724423;0.030193189549282188;0.0;0.0;0.26365726137396633;0.0;0.0;0.020919068091574542;0.0;0.5519620375899582;0.03110384336312858;0.0;0.22058437606327214;0.0;0.0;0.0
GO:1904707;0.20952856765747638;0.3247224359881941;0.06396446292750321;0.0;0.1977891060270184;0.0;0.0;0.08975407639351518;0.061763101641809585;0.0;0.05907970678876186;0.22261475852606408;0.0;0.0;0.0;0.18636348586944618;0.19240611835818205;0.10566818521948632;0.2150840557800722;0.0;0.17082620991117264;0.07039583946830458;0.1986182222086247;0.1986182222086247;0.0;0.07777827821410081;0.0851242588588874;0.07934951134790379;0.06804095273256552;0.07777827821410081;0.0;0.0;0.20161369460019773;0.07894321335796155;0.17960882469442968;0.15768027653148273;0.09426304659662532;0.20327475413625012;0.0;0.0;0.0;0.1912254346842491;0.17602882340072498;0.18786086388441173;0.051158810874951416;0.08174253608293218;0.0;0.22523228853183574;0.19865244409756894;0.18264073628057664;0.0;0.05464118136439342;0.27221140232283675;0.1866067839035748;0.0;0.0;1.0;0.09582301015066551;0.23803203693040964;0.0;0.19700847041152472;0.21154242089040254;0.08852638555354976;0.2029535849730697;0.0;0.0;0.09338091587771075;0.11059063414436639;0.07966049753954116;0.0442294684177973;0.16482755051735593;0.06756118646010355;0.0;0.0;0.0;0.1804336488785331;0.0;0.0;0.16813012647342027;0.0;0.0;0.1649321447338968;0.0;0.07651752543597007;0.24013590332367582;0.1804336488785331
GO:0019221;0.10658971866002312;0.07988621433706766;0.08143941439615732;0.03681863876644079;0.09864154963668574;0.0;0.04438342957312979;0.34011420375672907;0.08459666989858569;0.03696012936654935;0.07964202305095397;0.11583362044816504;0.0;0.0;0.0;0.09197243038670115;0.09510048322303165;0.4335343433664882;0.11046312192188319;0.0;0.08191041227180029;0.24407936622621257;0.09919263971280257;0.09919263971280257;0.041535143764230266;0.10523606290669221;0.31555761028845314;0.2863851598007202;0.3785959526148247;0.45190398022366896;0.0;0.0;0.10119646717712417;0.46111055916778804;0.09945987267332917;0.07383290448711412;0.13785503559408396;0.10231637308889452;0.03621851714667304;0.026085059085976706;0.03298535285949195;0.09433223565018599;0.08521539517071378;0.09215935156008564;0.06588971881664497;0.48363920313271314;0.03743225507823751;0.11773352225975725;0.4897086590404945;0.08883534640748726;0.03619220317862366;0.07178176643103808;0.1550645380292968;0.44958514965443963;0.0;0.033216700782110274;0.09582301015066551;1.0;0.12728099416456132;0.03156026914718198;0.4841233174681694;0.10798530399211846;0.13361671282580131;0.10209934742440976;0.0;0.0;0.583909347045758;0.7549907315054464;0.2879168813317175;0.05482678533594993;0.38147613581559586;0.09586535231344172;0.0;0.0;0.0;0.0874469164559528;0.0;0.024539713195627318;0.08022231922931898;0.0;0.039844822760288105;0.0779691184375589;0.0;0.10802719896503149;0.1288924034041855;0.0874469164559528
GO:0032147;0.7438581889425974;0.07522674686106487;0.07660248589583527;0.0;0.5323180004372373;0.0;0.0;0.11679130818517072;0.3723692329360819;0.0;0.07371244103706877;0.9174738963494579;0.0;0.0;0.0;0.23283477374673656;0.23636047508866004;0.14525779425440632;0.6322350657503842;0.0;0.20907661148729906;0.08601328701296465;0.24580468767096028;0.24580468767096028;0.0;0.09729722038323348;0.10907197063306999;0.09976855856141018;0.08252352384796391;0.09729722038323348;0.0;0.0;0.2504090164339016;0.09912709543667841;0.34434323896797203;0.18971802688367184;0.4567730006908554;0.252976525059249;0.0;0.0;0.0;0.23458122446715154;0.21692345959827303;0.2295381449505791;0.06177827433090046;0.10358123185739965;0.0;0.2879067651096492;0.2523372393200025;0.22179265004855772;0.0;0.06692920740355417;0.5261514568386734;0.23321466040102046;0.0;0.0;0.23803203693040964;0.12728099416456132;1.0;0.0;0.2496905708742781;0.26591005369649884;0.11954370439562731;0.2524792923892184;0.0;0.0;0.12300800853023795;0.15472492435988855;0.10026068671105957;0.05194992542357211;0.20016092781238248;0.08740232643509106;0.0;0.0;0.0;0.21854630285984905;0.0;0.0;0.20505219282469656;0.0;0.0;0.1962098007775453;0.0;0.09863902080155121;0.8853609085523265;0.21854630285984905
GO:0031532;0.0;0.0;0.0;0.027938243478851724;0.0;0.0;0.03208830145466643;0.02942685435493601;0.0;0.028019636651062017;0.024993713540721673;0.0;0.0;0.0;0.0;0.0;0.0;0.03506295291950151;0.0;0.0;0.0;0.022749758445447812;0.0;0.0;0.03057255868056386;0.02527346251822109;0.027812346440598424;0.025814171192790808;0.021950519573941625;0.02527346251822109;0.0;0.0;0.0;0.02567423063535463;0.0;0.0;0.0;0.0;0.02759133675389951;0.3000877715064581;0.02567423063535463;0.0;0.0;0.0;0.0;0.026640116887592328;0.23907383989864225;0.0;0.02689680826883635;0.0;0.027576063004502577;0.02301712748014908;0.0;0.02517196004948178;0.0;0.025814171192790808;0.0;0.03156026914718198;0.0;1.0;0.02666064557426003;0.0;0.0;0.0;0.0;0.0;0.03069945728855471;0.03683394964680505;0.025921340850102323;0.018446220176376486;0.022085669583136187;0.028818342712485664;0.0;0.0;0.0;0.0;0.0;0.020249741408514595;0.0;0.0;0.02964681366633173;0.0;0.0;0.0;0.0;0.0
GO:0050852;0.3945500006080498;0.06989804558810361;0.22192902285317373;0.030318448648408616;0.2019341669865801;0.0;0.035268401847012756;0.27658056024786487;0.07066627828055158;0.03041432500802681;0.06717536234481353;0.42289417943409063;0.0;0.0;0.0;0.2120585675039368;0.19573894276421303;0.3353435437297054;0.22214186204001035;0.0;0.19217010547120628;0.20953720177302648;0.2028923251506084;0.2028923251506084;0.4717157228564273;0.08856459857435622;0.2601194482761698;0.23996955656198632;0.3270230316194525;0.38031349232581296;0.32761535233998484;0.0;0.20636281769371578;0.38681314279687007;0.20335637497075928;0.4423747160907955;0.3452553938240333;0.20829325735438095;0.029910346112807105;0.02264534653196818;0.027670517953159748;0.19438600103728712;0.19877916969072237;0.3486942100774089;0.057119684496529786;0.7509854798514733;0.03073330662083859;0.428623843640876;0.7739452778275641;0.18461195484502596;0.029892397832300802;0.06149554975169844;0.29235923805560066;0.7205355792646132;0.0;0.027833135497250517;0.19700847041152472;0.4841233174681694;0.2496905708742781;0.02666064557426003;1.0;0.21796563237193875;0.727294089282932;0.5235197099966915;0.0;0.0;0.4696721245834162;0.5743594972568635;0.2410440772760585;0.04861570420294932;0.6263464877894949;0.07836055736325129;0.0;0.0;0.4818518981841961;0.3332759648171757;0.0;0.3028311432579359;0.5290229571245679;0.0;0.45613396423939684;0.16479435472114617;0.40038467645432796;0.08857750218589687;0.25225944645957865;0.1821168877076227
GO:0051149;0.2308309938774042;0.06804095273256552;0.7124859076267059;0.0;0.21666382421643907;0.0;0.0;0.10033947001500615;0.0682142015209459;0.0;0.06495576220777381;0.24681484603391912;0.0;0.0;0.0;0.20500989443695977;0.21022116755950626;0.12065347361973254;0.23759176553873776;0.0;0.18636348586944618;0.07674598508334764;0.5183776944253614;0.5183776944253614;0.0;0.08560417861597226;0.09458818307712388;0.08751138444923182;0.07395550568218885;0.08560417861597226;0.0;0.0;0.22126167559228269;0.08701746446755527;0.1968654872067844;0.17082620991117264;0.10600829933313534;0.22326387059304975;0.0;0.0;0.0;0.44012842331694385;0.192572732188261;0.20480709039501277;0.05550688745936112;0.09043107671662681;0.0;0.2500365215293849;0.21997975910556852;0.1986182222086247;0.0;0.05963021364973297;0.30929393818889317;0.20530435241461376;0.0;0.0;0.21154242089040254;0.10798530399211846;0.26591005369649884;0.0;0.21796563237193875;1.0;0.10039726624904456;0.22287649131955406;0.0;0.0;0.10489394417449398;0.12711374818484564;0.08788978940296219;0.047442453657044595;0.17924673170648558;0.07535678564668694;0.0;0.0;0.0;0.19601084691422715;0.0;0.0;0.1831592609681387;0.0;0.0;0.17785193954420708;0.0;0.08522777028305367;0.2685383035241338;0.19601084691422715
GO:0050776;0.3513206057832792;0.07319676891757461;0.2649418785037498;0.0;0.09126401084538104;0.0;0.0;0.12068624449664915;0.08947926517433108;0.0;0.08395486141986863;0.3836423527411426;0.0;0.0;0.0;0.096991519756894;0.08782589206981804;0.15675922925763114;0.10283426008614813;0.0;0.0858677459980477;0.08497987003696031;0.09180021950082769;0.09180021950082769;0.0;0.09770070398953418;0.11142628539725286;0.10054249874094523;0.08112821044847811;0.09770070398953418;0.0;0.0;0.09375253296019197;0.09980291761094925;0.09206034701845532;0.46062123446452147;0.46192060514136674;0.09484542621275777;0.0;0.0;0.0;0.08708164890865341;0.08950688416365071;0.30148386510733916;0.06881435429028444;0.7265238562019108;0.0;0.39032437454515084;0.7361870416245279;0.08177379284094176;0.0;0.075266679493871;0.14780843199621613;0.6725709172170565;0.0;0.0;0.08852638555354976;0.13361671282580131;0.11954370439562731;0.0;0.727294089282932;0.10039726624904456;1.0;0.5658643389019136;0.0;0.0;0.12830016438098713;0.1694756960114999;0.1011108391255494;0.056836791485305;0.5659932149081387;0.10218392992107643;0.0;0.0;0.0;0.28537023111862353;0.0;0.0;0.5815017732028771;0.0;0.0;0.07136966915807635;0.0;0.1150180940346792;0.12116032987160169;0.08043788726220495
GO:0031295;0.2206421992597241;0.06565602934599338;0.0667015471606305;0.0;0.20766293332042995;0.0;0.0;0.09523781979303814;0.06512462939710414;0.0;0.062148230163136864;0.2352016501290619;0.0;0.0;0.0;0.19609827663548537;0.20173713359655784;0.1133521906687228;0.22681133161764383;0.0;0.1789700037690531;0.07372532542994607;0.20857708764228258;0.20857708764228258;0.42858249521600467;0.0818629702705181;0.09004135695631559;0.08360541885768445;0.07114649461741367;0.0818629702705181;0.30621191586173313;0.0;0.211882981281022;0.08315449235571279;0.18863365119143818;0.41442906428128157;0.10033022485857103;0.2137183341777067;0.0;0.0;0.0;0.20043954126883792;0.18468879260302654;0.19674604962506356;0.05344377786637105;0.4539429702770715;0.0;0.2381254881812085;0.528132401818191;0.1910279707935914;0.0;0.057255759338799415;0.29127165769445273;0.4944330089355184;0.0;0.0;0.2029535849730697;0.10209934742440976;0.2524792923892184;0.0;0.5235197099966915;0.22287649131955406;0.5658643389019136;1.0;0.0;0.0;0.0993314857374771;0.11903582632802717;0.08395073171380257;0.04592709852317178;0.4340768030975707;0.07160413002795775;0.0;0.0;0.4369333280388933;0.1886148602387902;0.0;0.2844527377172864;0.4431819862855383;0.0;0.4156810499556285;0.17174147942214138;0.3688743380471115;0.08103784998678185;0.25484756613546594;0.1886148602387902
GO:0050829;0.0;0.0;0.0;0.0;0.0;0.0;0.0;0.0;0.0;0.0;0.0;0.0;0.0;0.3666521179145522;0.0;0.0;0.0;0.0;0.0;0.0;0.0;0.0;0.0;0.0;0.0;0.0;0.0;0.0;0.0;0.0;0.18056738995306856;0.0;0.0;0.0;0.0;0.0;0.0;0.0;0.0;0.0;0.0;0.0;0.0;0.0;0.0;0.0;0.0;0.0;0.0;0.0;0.0;0.0;0.0;0.0;0.5820898258590178;0.2149385122971614;0.0;0.0;0.0;0.0;0.0;0.0;0.0;0.0;1.0;0.0;0.0;0.0;0.0;0.0;0.0;0.0;0.0;0.0;0.60896139628629;0.0;0.0;0.0;0.0;0.6335209539829001;0.0;0.0;0.6276520862187385;0.0;0.0;0.0
GO:1902023;0.0;0.0;0.0;0.0;0.0;0.0;0.25373994653071885;0.0;0.0;0.0;0.0;0.0;0.23165174694855223;0.0;0.3903447572773327;0.0;0.0;0.0;0.0;0.35438570070059994;0.0;0.0;0.0;0.0;0.24417711788749888;0.0;0.0;0.0;0.0;0.0;0.0;0.0;0.0;0.0;0.0;0.0;0.0;0.0;0.0;0.0;0.0;0.0;0.0;0.0;0.0;0.0;0.0;0.0;0.0;0.0;0.0;0.0;0.0;0.0;0.0;0.0;0.0;0.0;0.0;0.0;0.0;0.0;0.0;0.0;0.0;1.0;0.0;0.0;0.0;0.0;0.0;0.0;0.3692205414472096;0.3692205414472096;0.0;0.0;0.2084887809597511;0.0;0.0;0.0;0.0;0.0;0.0;0.0;0.0;0.0
GO:0007169;0.10357663223835299;0.07818165859784632;0.07966866673096676;0.03565238473626688;0.0960556173977873;0.0;0.04269966200499563;0.32859740627109474;0.08212653818042955;0.03578503754181464;0.07744900869450995;0.11228395979028763;0.0;0.0;0.0;0.08942182671881353;0.0926946156526132;0.41499439306267977;0.10723039004754197;0.0;0.07988120915155274;0.23809088535289627;0.09657811554060974;0.09657811554060974;0.040056953034698584;0.10229796625589639;0.30561952798663305;0.2781757376702164;0.6566431850873061;0.7802400392737008;0.0;0.0;0.09847669027216775;0.7956831861834827;0.09683142869498555;0.0721801456539469;0.13285653173174514;0.09953689215090299;0.035089388790809535;0.02549421842918147;0.032046203712445424;0.09196459771849017;0.08302132997570057;0.08989822427739962;0.06438150774223218;0.469216467132828;0.0362274397625689;0.11406830590981847;0.4749271856723302;0.08673252553429854;0.035064689387832956;0.06999541435832385;0.1487686304934647;0.4370957530722506;0.0;0.0322645218399726;0.09338091587771075;0.583909347045758;0.12300800853023795;0.03069945728855471;0.4696721245834162;0.10489394417449398;0.12830016438098713;0.0993314857374771;0.0;0.0;1.0;0.7204221477104192;0.2796206806693233;0.05377848748806118;0.37244621683113177;0.09270561456932594;0.0;0.0;0.0;0.08540855884042747;0.0;0.024016102090587844;0.07827489973647417;0.0;0.03848252420654009;0.07634456048102807;0.0;0.10452535690954717;0.12451240034478202;0.08540855884042747
GO:0007166;0.1251843625868842;0.08989366341292626;0.09186518227107995;0.044201599118338375;0.11436196275969293;0.0;0.05557287458257221;0.414247950311642;0.09994602375214794;0.044405680265544666;0.09310302491756492;0.13813065886709192;0.0;0.0;0.0;0.10765096002444963;0.1096293611625986;0.561656831449571;0.13056116637614468;0.0;0.09411837818413486;0.2800451885005679;0.11510336325243821;0.11510336325243821;0.051178496915368875;0.12332134624224629;0.37838402256167153;0.3371970137152988;0.4316263400510448;0.5295656799972164;0.0;0.0;0.11781035545970546;0.5422529685538283;0.11546335692686707;0.08360816668300664;0.17063544303023126;0.11933092938311833;0.04333948918528468;0.02958616570733876;0.038789841505985884;0.10860970473242024;0.0985083266209171;0.10573930676227149;0.07484201484352719;0.5736782220007954;0.04508894144326518;0.14084094665294475;0.5822379377735213;0.10138665683583246;0.043301816154865655;0.08253740675606033;0.19780914441817196;0.5263841681599583;0.0;0.039110170083519975;0.11059063414436639;0.7549907315054464;0.15472492435988855;0.03683394964680505;0.5743594972568635;0.12711374818484564;0.1694756960114999;0.11903582632802717;0.0;0.0;0.7204221477104192;1.0;0.33932250122690005;0.06088701023580621;0.4353738870515113;0.11606446298310233;0.0;0.0;0.0;0.09958216043435768;0.0;0.027613834709324644;0.09189642399052664;0.0;0.0486361863002133;0.08747344433409794;0.0;0.1303205763942368;0.1571126610466473;0.09958216043435768
GO:0007200;0.08696306692607932;0.06832854951728014;0.06946164943623924;0.029365988195722306;0.0815987984782113;0.0;0.03398612219081119;0.267403775830056;0.06859125576551756;0.029455926290253807;0.06529756448073427;0.09301945975484276;0.0;0.0;0.0;0.07530763399544639;0.0791605169544939;0.3219475061640803;0.08952421964997553;0.0;0.06842518065174204;0.2042274216627992;0.08197554681392011;0.08197554681392011;0.03229052120694819;0.08605990826290434;0.530431480080151;0.2330309680884824;0.19676759691667986;0.22792530015362192;0.0;0.0;0.08333934443235604;0.23170860789399628;0.08215797701447075;0.06269537638195354;0.10670805838277425;0.08409740467853194;0.028982962183210382;0.022109725431620677;0.026874980192443734;0.07862749949849732;0.07071629897413016;0.07711207646199819;0.05575629008667184;0.24084945054505502;0.02975502266422451;0.09424072164487841;0.2432841189423039;0.07477112300486709;0.028966109324033807;0.059918142369470115;0.11673659157567579;0.22696797838202365;0.0;0.02702835560804482;0.07966049753954116;0.2879168813317175;0.10026068671105957;0.025921340850102323;0.2410440772760585;0.08788978940296219;0.1011108391255494;0.08395073171380257;0.0;0.0;0.2796206806693233;0.33932250122690005;1.0;0.04762453193724285;0.1980275252170316;0.07581720163493313;0.0;0.0;0.0;0.07378507938824805;0.0;0.020989391250315466;0.06724315717181976;0.0;0.03125956652054953;0.06692115770468168;0.0;0.08574144793488975;0.10125786869999107;0.07378507938824805
GO:0006876;0.047089581623179076;0.03949216830960482;0.03998325582277077;0.020126232879360377;0.04500267097087679;0.0;0.022194025132937306;0.05219610472786332;0.047995785998861604;0.020168437609475898;0.6683509508476883;0.04935643173082417;0.0;0.0;0.0;0.046556830900940795;0.04402833034632626;0.05891847317209682;0.04805944944291943;0.0;0.04345876494764459;0.043196899812613355;0.04515175978830506;0.04515175978830506;0.021458197157809184;0.3995647520976901;0.05013050866920169;0.0474796078678862;0.042033967468315836;0.04674354375054762;0.0;0.0;0.04568822721265829;0.047289889281872693;0.20585535457694507;0.04074728776037275;0.054158728740300664;0.04598425559910885;0.019945577875110712;0.016430515760039975;0.018924080213231;0.04381312964590267;0.04450873329167275;0.043196899812613355;0.5684056595432455;0.04858838236676683;0.020308210222587768;0.04980254021197056;0.04892919952270824;0.04223200580953978;0.019937594986872375;0.41226330435358216;0.05742021304164946;0.04660445552005365;0.0;0.01900000024168065;0.0442294684177973;0.05482678533594993;0.05194992542357211;0.018446220176376486;0.04861570420294932;0.047442453657044595;0.056836791485305;0.04592709852317178;0.0;0.0;0.05377848748806118;0.06088701023580621;0.04762453193724285;1.0;0.04223200580953978;0.5312970679615431;0.0;0.0;0.0;0.04182078376167217;0.0;0.01580365215978331;0.04290955924647413;0.0;0.020997990873742187;0.03887657039573098;0.0;0.05095115698261775;0.05229756580185566;0.04182078376167217
GO:0002430;0.3250898877177318;0.05990430059695317;0.18973811704636373;0.02453808426775922;0.1682614484082626;0.0;0.02768261712147084;0.22139728075159718;0.057936555134918515;0.024600849209560755;0.05556898796092361;0.34409229080683507;0.0;0.0;0.0;0.17523257806508816;0.16393796160502014;0.2575195207658379;0.18206145165792054;0.0;0.16142711775250584;0.1762547351342873;0.16892617545607613;0.16892617545607613;0.3744172673114312;0.07311045701735222;0.21072275917001282;0.197301722457725;0.2767250587005408;0.3139504235483131;0.2775267591112905;0.0;0.17132507424704566;0.3183664886627764;0.1692477347098484;0.37677285074584826;0.2731580866527795;0.17265352650963683;0.02427007326713173;0.019257083802776378;0.022774214900071033;0.16298785651067277;0.16606519946045317;0.2933083248225605;0.048505218930194174;0.613682604430111;0.02480912545128923;0.347876024631303;0.6312417003212825;0.1560600374584209;0.024258254524047774;0.05162468553374277;0.22668168029290026;0.5952541289670104;0.0;0.02288425937724423;0.16482755051735593;0.38147613581559586;0.20016092781238248;0.022085669583136187;0.6263464877894949;0.17924673170648558;0.5659932149081387;0.4340768030975707;0.0;0.0;0.37244621683113177;0.4353738870515113;0.1980275252170316;0.04223200580953978;1.0;0.06300895071252056;0.0;0.0;0.3807750330488021;0.28232192949680235;0.0;0.2595335489456073;0.4456542449213486;0.0;0.36453317847086164;0.1416592706452938;0.3280308010618359;0.07141994476009819;0.2018083768361357;0.15427332468986607
GO:0007204;0.0744703826464592;0.05709876559018886;0.05813106276529915;0.03314015867348403;0.06938209419659627;0.0;0.039145615455522254;0.088101418562719;0.0767624676921979;0.03325474547301477;0.7128278395629399;0.08030308815973969;0.0;0.0;0.0;0.073146669306017;0.06709299360331948;0.10911500089714175;0.07692544501320679;0.0;0.0657792812157772;0.06518120131897576;0.06973710651774032;0.06973710651774032;0.03691302166068079;0.6292079346400649;0.08237252848383321;0.07545056746556504;0.06256913616119779;0.07360861654245406;0.0;0.0;0.07102517998390256;0.07497259868205579;0.3182210776567143;0.05976018953556855;0.09384136401984078;0.07174316063246576;0.03265316784366465;0.024183308172272374;0.030001919919855992;0.06659454200386307;0.0682149735520456;0.06518120131897576;0.5785458815146426;0.07828959918654432;0.03363646302370639;0.08149073054555661;0.07917824942534588;0.06300895071252056;0.032631778044089996;0.6249095613777048;0.10408527084755967;0.0732642964643977;0.0;0.030193189549282188;0.06756118646010355;0.09586535231344172;0.08740232643509106;0.028818342712485664;0.07836055736325129;0.07535678564668694;0.10218392992107643;0.07160413002795775;0.0;0.0;0.09270561456932594;0.11606446298310233;0.07581720163493313;0.5312970679615431;0.06300895071252056;1.0;0.0;0.0;0.0;0.06209794315881036;0.0;0.022849315921731388;0.06452916956424376;0.0;0.03557189983907839;0.05582079473535314;0.0;0.08461183969658503;0.08839086631268715;0.06209794315881036
GO:0070574;0.0;0.0;0.0;0.0;0.0;0.0;0.24883793551040329;0.0;0.0;0.0;0.0;0.0;0.227559152257244;0.0;0.287579744740964;0.0;0.0;0.0;0.0;0.4732745288528547;0.0;0.0;0.0;0.0;0.23963432600651885;0.0;0.0;0.0;0.0;0.0;0.0;0.0;0.0;0.0;0.0;0.0;0.0;0.0;0.0;0.0;0.0;0.0;0.0;0.0;0.0;0.0;0.0;0.0;0.0;0.0;0.0;0.0;0.0;0.0;0.0;0.0;0.0;0.0;0.0;0.0;0.0;0.0;0.0;0.0;0.0;0.3692205414472096;0.0;0.0;0.0;0.0;0.0;0.0;1.0;0.6039419302285313;0.0;0.0;0.2051678424738681;0.0;0.0;0.0;0.0;0.0;0.0;0.0;0.0;0.0
GO:0071421;0.0;0.0;0.0;0.0;0.0;0.0;0.24883793551040329;0.0;0.0;0.0;0.0;0.0;0.227559152257244;0.0;0.287579744740964;0.0;0.0;0.0;0.0;0.38037248617993263;0.0;0.0;0.0;0.0;0.23963432600651885;0.0;0.0;0.0;0.0;0.0;0.0;0.0;0.0;0.0;0.0;0.0;0.0;0.0;0.0;0.0;0.0;0.0;0.0;0.0;0.0;0.0;0.0;0.0;0.0;0.0;0.0;0.0;0.0;0.0;0.0;0.0;0.0;0.0;0.0;0.0;0.0;0.0;0.0;0.0;0.0;0.3692205414472096;0.0;0.0;0.0;0.0;0.0;0.0;0.6039419302285313;1.0;0.0;0.0;0.2051678424738681;0.0;0.0;0.0;0.0;0.0;0.0;0.0;0.0;0.0
GO:0045087;0.0;0.0;0.0;0.0;0.0;0.0;0.0;0.0;0.0;0.0;0.0;0.0;0.0;0.46230147896406315;0.0;0.0;0.0;0.0;0.0;0.0;0.0;0.0;0.0;0.0;0.5763566826339191;0.0;0.0;0.0;0.0;0.0;0.49353650142721583;0.0;0.0;0.0;0.0;0.0;0.0;0.0;0.0;0.0;0.0;0.0;0.0;0.0;0.0;0.0;0.0;0.0;0.48733521569462285;0.0;0.0;0.0;0.0;0.4479066859968984;0.5243444511122853;0.26365726137396633;0.0;0.0;0.0;0.0;0.4818518981841961;0.0;0.0;0.4369333280388933;0.60896139628629;0.0;0.0;0.0;0.0;0.0;0.3807750330488021;0.0;0.0;0.0;1.0;0.0;0.0;0.34278434048566037;0.0;0.30746456267720335;0.5532643538761601;0.0;0.623130601684061;0.0;0.0;0.0
GO:0033148;0.3815465591929455;0.05926972323512158;0.18769933744007805;0.0;0.1841463130283616;0.0;0.0;0.0823644699818479;0.05716542334377345;0.0;0.054859206705890284;0.40354208904200195;0.0;0.0;0.0;0.17298305419194018;0.17947153761995333;0.09557315993061272;0.19904778227493342;0.0;0.1595161500493429;0.0657678948793618;0.18486478719353325;0.18486478719353325;0.0;0.0721674508407316;0.07844900196876553;0.07351819864341962;0.06370792878581515;0.0721674508407316;0.0;0.0;0.18745706905037113;0.07316929192947007;0.1671483255382715;0.14799462051348597;0.3220264121155249;0.18889222012201212;0.0;0.0;0.0;0.17844383807921116;0.1640435310012793;0.289860604695958;0.047963539666545055;0.23592717812427882;0.0;0.40791781965557306;0.33584520926907874;0.17094589782696964;0.0;0.05101153330377018;0.24702400117258297;0.3169445095339964;0.0;0.0;0.1804336488785331;0.0874469164559528;0.21854630285984905;0.0;0.3332759648171757;0.19601084691422715;0.28537023111862353;0.1886148602387902;0.0;0.0;0.08540855884042747;0.09958216043435768;0.07378507938824805;0.04182078376167217;0.28232192949680235;0.06209794315881036;0.0;0.0;0.0;1.0;0.0;0.0;0.2876096905802852;0.0;0.0;0.15533561440298868;0.0;0.07039880366245599;0.2203185330935102;0.16901091203891683
GO:0006909;0.0;0.0;0.0;0.0;0.0;0.0;0.5321918828136173;0.0;0.0;0.0;0.0;0.0;0.2915612242208492;0.0;0.18669313363308537;0.0;0.0;0.0;0.0;0.1954949830050504;0.0;0.0;0.0;0.0;0.5065897724233881;0.0;0.0;0.0;0.0;0.0;0.0;0.0;0.0;0.0;0.0;0.0;0.0;0.0;0.0;0.0;0.0;0.0;0.0;0.0;0.0;0.0;0.0;0.0;0.0;0.0;0.0;0.0;0.0;0.0;0.0;0.0;0.0;0.0;0.0;0.0;0.0;0.0;0.0;0.0;0.0;0.2084887809597511;0.0;0.0;0.0;0.0;0.0;0.0;0.2051678424738681;0.2051678424738681;0.0;0.0;1.0;0.0;0.0;0.0;0.0;0.0;0.0;0.0;0.0;0.0
GO:0002309;0.0;0.0;0.0;0.022292520168939445;0.0;0.0;0.024857770018668048;0.023230190533568115;0.0;0.022344310956209146;0.020377004946604303;0.0;0.0;0.0;0.0;0.0;0.0;0.026606362210237943;0.0;0.0;0.0;0.018860318009640803;0.0;0.0;0.5647513924706705;0.02056256764078293;0.02221229118145525;0.020919068091574542;0.018307684229438067;0.02056256764078293;0.36014802507719096;0.0;0.0;0.020827074288089328;0.0;0.0;0.0;0.0;0.022071096543193832;0.017846288321375487;0.020827074288089328;0.0;0.0;0.0;0.0;0.021458197157809184;0.022515997531319817;0.0;0.4277550353590555;0.0;0.022061322008323232;0.019043711450542553;0.0;0.2890631490697446;0.0;0.020919068091574542;0.0;0.024539713195627318;0.0;0.020249741408514595;0.3028311432579359;0.0;0.0;0.2844527377172864;0.0;0.0;0.024016102090587844;0.027613834709324644;0.020989391250315466;0.01580365215978331;0.2595335489456073;0.022849315921731388;0.0;0.0;0.34278434048566037;0.0;0.0;1.0;0.0;0.0;0.32956551625000396;0.0;0.2994408480774902;0.0;0.0;0.0
GO:0002827;0.33212099106616305;0.05363923315370757;0.19310640723362443;0.0;0.17170450194418566;0.0;0.0;0.07537377691954582;0.05921937077926615;0.0;0.05674803492665527;0.35197936343396763;0.0;0.0;0.0;0.1789700037690531;0.167204631914924;0.08802448915402476;0.18609920694095972;0.0;0.16459352454250542;0.059705920135141484;0.17239676726794492;0.17239676726794492;0.0;0.06571767729436781;0.0716547533893265;0.0669913154212903;0.05777864084202347;0.06571767729436781;0.0;0.0;0.17489597864368536;0.06666216770412631;0.17273168823264315;0.383613759336464;0.28019417683481135;0.17628060928314832;0.0;0.0;0.0;0.16621639961913287;0.16941806249399247;0.2990197964926694;0.04940114731196289;0.47707590509591263;0.0;0.3559395402125209;0.5332512908814353;0.15901746423700164;0.0;0.052640764347775024;0.23297534879588291;0.502201009522046;0.0;0.0;0.16813012647342027;0.08022231922931898;0.20505219282469656;0.0;0.5290229571245679;0.1831592609681387;0.5815017732028771;0.4431819862855383;0.0;0.0;0.07827489973647417;0.09189642399052664;0.06724315717181976;0.04290955924647413;0.4456542449213486;0.06452916956424376;0.0;0.0;0.0;0.2876096905802852;0.0;0.0;1.0;0.0;0.0;0.14409182078728655;0.0;0.07312320484522693;0.20678148974618987;0.15716279375792094
GO:0032496;0.0;0.0;0.0;0.0;0.0;0.0;0.0;0.0;0.0;0.0;0.0;0.0;0.0;0.279092884949412;0.0;0.0;0.0;0.0;0.0;0.0;0.0;0.0;0.0;0.0;0.0;0.0;0.0;0.0;0.0;0.0;0.2013693955290527;0.0;0.0;0.0;0.0;0.0;0.0;0.0;0.0;0.0;0.0;0.0;0.0;0.0;0.0;0.0;0.0;0.0;0.0;0.0;0.0;0.0;0.0;0.0;0.5508445054533584;0.5519620375899582;0.0;0.0;0.0;0.0;0.0;0.0;0.0;0.0;0.6335209539829001;0.0;0.0;0.0;0.0;0.0;0.0;0.0;0.0;0.0;0.30746456267720335;0.0;0.0;0.0;0.0;1.0;0.0;0.0;0.6524139665165385;0.0;0.0;0.0
GO:0050900;0.0;0.0;0.0;0.034240493502816605;0.0;0.0;0.04069016867415647;0.036503649838018896;0.0;0.7112328670040826;0.029920396935657793;0.0;0.0;0.0;0.0;0.0;0.0;0.0455952974473127;0.0;0.0;0.0;0.026760530970523094;0.0;0.0;0.539942627968847;0.030322188550768986;0.03405158299875707;0.03110384336312858;0.025661447005614003;0.030322188550768986;0.35913248016687477;0.0;0.0;0.030900900785912917;0.0;0.0;0.0;0.0;0.03372088074683602;0.02476402882588814;0.030900900785912917;0.0;0.0;0.0;0.0;0.032310878764597;0.03477056560408781;0.0;0.46104459604368503;0.0;0.03369806973288275;0.02713125246241167;0.0;0.42560077103226673;0.0;0.03110384336312858;0.0;0.039844822760288105;0.0;0.02964681366633173;0.45613396423939684;0.0;0.0;0.4156810499556285;0.0;0.0;0.03848252420654009;0.0486361863002133;0.03125956652054953;0.020997990873742187;0.36453317847086164;0.03557189983907839;0.0;0.0;0.5532643538761601;0.0;0.0;0.32956551625000396;0.0;0.0;1.0;0.0;0.4484856297045613;0.0;0.0;0.0
GO:0051835;0.1764263022764012;0.054758207775648764;0.2367630150078733;0.0;0.16802880927350244;0.0;0.0;0.07390306147085493;0.05180281643722896;0.0;0.049901796351431466;0.18561363090712335;0.0;0.0;0.0;0.15727961276486202;0.35739434293697064;0.0843649029034733;0.180348658286329;0.0;0.14606754509470524;0.06025886400317226;0.3671909355048288;0.3671909355048288;0.0;0.06558777375215778;0.0707352824998966;0.0667015471606305;0.0585250000880146;0.06558777375215778;0.0;0.0;0.37188185330587914;0.06641421610033017;0.15244134093957587;0.13634766340210666;0.07693316698224824;0.37447390076693987;0.0;0.0;0.0;0.35552186077446124;0.14985464901251128;0.1608089673172536;0.04413053307145662;0.0683844064831006;0.0;0.18742979701706056;0.16594308359169674;0.15696862211697796;0.0;0.04669779387121417;0.21886217203189642;0.15745286280311185;0.0;0.0;0.1649321447338968;0.0779691184375589;0.1962098007775453;0.0;0.16479435472114617;0.17785193954420708;0.07136966915807635;0.17174147942214138;0.0;0.0;0.07634456048102807;0.08747344433409794;0.06692115770468168;0.03887657039573098;0.1416592706452938;0.05582079473535314;0.0;0.0;0.0;0.15533561440298868;0.0;0.0;0.14409182078728655;0.0;0.0;1.0;0.0;0.06335373659477554;0.1976370992923594;0.15533561440298868
GO:0019730;0.0;0.0;0.0;0.0;0.0;0.0;0.0;0.0;0.0;0.0;0.0;0.0;0.0;0.24776660463677114;0.0;0.0;0.0;0.0;0.0;0.0;0.0;0.0;0.0;0.0;0.4635406041683852;0.0;0.0;0.0;0.0;0.0;0.4260855349035656;0.0;0.0;0.0;0.0;0.0;0.0;0.0;0.0;0.0;0.0;0.0;0.0;0.0;0.0;0.0;0.0;0.0;0.40416332389811105;0.0;0.0;0.0;0.0;0.3766649299996011;0.5529018924693769;0.22058437606327214;0.0;0.0;0.0;0.0;0.40038467645432796;0.0;0.0;0.3688743380471115;0.6276520862187385;0.0;0.0;0.0;0.0;0.0;0.3280308010618359;0.0;0.0;0.0;0.623130601684061;0.0;0.0;0.2994408480774902;0.0;0.6524139665165385;0.4484856297045613;0.0;1.0;0.0;0.0;0.0
GO:0001818;0.0842385889134955;0.19722014238727673;0.4497063406359728;0.0;0.07855425010816416;0.0;0.0;0.09941560812120882;0.07571068199907094;0.0;0.07171767114668737;0.09074185309186791;0.0;0.0;0.0;0.6732728537392314;0.07599362725793957;0.1226686216627705;0.08697754849832229;0.0;0.07452314163626789;0.07385346033041708;0.3551649367985011;0.3551649367985011;0.0;0.08327660083077144;0.09304595593998866;0.08533240778282519;0.07092700170738171;0.08327660083077144;0.0;0.0;0.0803909395733511;0.08479907531079957;0.24091457954768056;0.06777691012300327;0.10578452713576028;0.08119318084813885;0.0;0.0;0.0;0.07543577375734864;0.0772489530104785;0.07385346033041708;0.060370964506213466;0.08849841279620624;0.0;0.09206437518622834;0.08948875040895499;0.07141994476009819;0.0;0.06528056887639083;0.11711867234702808;0.08289215409632958;0.0;0.0;0.07651752543597007;0.10802719896503149;0.09863902080155121;0.0;0.08857750218589687;0.08522777028305367;0.1150180940346792;0.08103784998678185;0.0;0.0;0.10452535690954717;0.1303205763942368;0.08574144793488975;0.05095115698261775;0.07141994476009819;0.08461183969658503;0.0;0.0;0.0;0.07039880366245599;0.0;0.0;0.07312320484522693;0.0;0.0;0.06335373659477554;0.0;1.0;0.09973708488047672;0.07039880366245599
GO:0071902;0.8386144342895623;0.07578673710350312;0.07718322457298553;0.0;0.5371526647848466;0.0;0.0;0.11814664389557883;0.3761201307633395;0.0;0.07441431819804922;0.9060531400597222;0.0;0.0;0.0;0.23506697294461257;0.23843476800222527;0.14736028880041832;0.6386174750998616;0.0;0.21087475159183963;0.08674616350252631;0.24804884351741402;0.24804884351741402;0.0;0.09823604893503576;0.11025315902538424;0.10075592706595018;0.08319790453028489;0.09823604893503576;0.0;0.0;0.2527384315767246;0.10010174614550647;0.34749497060584655;0.19119742179820834;0.46242993626034395;0.25535418006933797;0.0;0.0;0.0;0.23662427064631755;0.21885972939267662;0.23149392545535763;0.06227052019628245;0.10464590990369918;0.0;0.29099035139019297;0.2549611487791219;0.22361814161073026;0.0;0.06750734407041999;0.5334037813569908;0.23545418455821898;0.0;0.0;0.24013590332367582;0.1288924034041855;0.8853609085523265;0.0;0.25225944645957865;0.2685383035241338;0.12116032987160169;0.25484756613546594;0.0;0.0;0.12451240034478202;0.1571126610466473;0.10125786869999107;0.05229756580185566;0.2018083768361357;0.08839086631268715;0.0;0.0;0.0;0.2203185330935102;0.0;0.0;0.20678148974618987;0.0;0.0;0.1976370992923594;0.0;0.09973708488047672;1.0;0.2203185330935102
GO:0010763;0.1942806451741443;0.05926972323512158;0.06012042206437605;0.0;0.1841463130283616;0.0;0.0;0.0823644699818479;0.05716542334377345;0.0;0.054859206705890284;0.20548060393949347;0.0;0.0;0.0;0.17298305419194018;0.17947153761995333;0.09557315993061272;0.19904778227493342;0.0;0.27260568004381464;0.0657678948793618;0.18486478719353325;0.18486478719353325;0.0;0.0721674508407316;0.07844900196876553;0.07351819864341962;0.06370792878581515;0.0721674508407316;0.0;0.0;0.18745706905037113;0.07316929192947007;0.1671483255382715;0.14799462051348597;0.0861459014958338;0.2913241364383261;0.0;0.0;0.0;0.17844383807921116;0.280342763485449;0.27068591658544777;0.047963539666545055;0.0755678827572689;0.0;0.20770869313655252;0.1835208377452359;0.5024371548393419;0.0;0.05101153330377018;0.24702400117258297;0.17319265037313505;0.0;0.0;0.1804336488785331;0.0874469164559528;0.21854630285984905;0.0;0.1821168877076227;0.19601084691422715;0.08043788726220495;0.1886148602387902;0.0;0.0;0.08540855884042747;0.09958216043435768;0.07378507938824805;0.04182078376167217;0.15427332468986607;0.06209794315881036;0.0;0.0;0.0;0.16901091203891683;0.0;0.0;0.15716279375792094;0.0;0.0;0.15533561440298868;0.0;0.07039880366245599;0.2203185330935102;1.0
